Sun Jun 14 03:46:30 PDT 2015,sun.util.calendar.ZoneInfo[id="America/Los_Angeles",offset=-28800000,dstSavings=3600000,useDaylight=true,transitions=185,lastRule=java.util.SimpleTimeZone[id=America/Los_Angeles,offset=-28800000,dstSavings=3600000,useDaylight=true,startYear=0,startMode=3,startMonth=2,startDay=8,startDayOfWeek=1,startTime=7200000,startTimeMode=0,endMode=3,endMonth=10,endDay=1,endDayOfWeek=1,endTime=7200000,endTimeMode=0]]
Score,Message Content
0.0,"""@weirdguurl ah ouais d'accord t'en es qu'au dÃ©but quoi mdr"""
0.0,"""Diadora heropent productielijn in Italiaans hoofdkwartier | @scoopit http://t.co/gIlbr3QBez"""
0.0,"""(ÙˆÙ‚Ø§Ù„ÙˆØ§ Ù„Ùˆ ÙƒÙ†Ø§ Ù†Ø³Ù…Ø¹ Ø£Ùˆ Ù†Ø¹Ù‚Ù„ Ù…Ø§ ÙƒÙ†Ø§ ÙÙŠ Ø£ØµØ­Ø§Ø¨ Ø§Ù„Ø³Ø¹ÙŠØ±) [Ø§Ù„Ù…Ù„Ùƒ:10] http://t.co/UHuC2dJkQ9"""
0.0,"""@joaninha_77 @biasilvestre4 foi tÃ£o bom quando eu disse bom dia"""
73.37903813451231,"""Happy 49th birthday Momma! Don't worry mom, you still look young and very pretty. Oh plus, you'reâ€¦ https://t.co/Rm5qvVFBLK"""
0.0,"""RT @anthonyadecavex: http://t.co/OcCUKcHQb8 #Ğ˜Ğ³Ñ€Ğ°Ñ‚ÑŒ Ğ½Ğ° ÑĞ¾Ğ½Ğ¸ Ğ¿Ğ»ĞµĞ¹ÑÑ‚ĞµĞ¹ÑˆĞµĞ½ 1"""
0.0,"""æ¿±ç”°ãã‚“ã‹ã‚‚ã­ï¼RT"""
2.031413213911042,"""https://t.co/mKlk60QDZZ ÙŠØ´Ø±ÙÙ†Ø§ Ø¹Ù…Ù„Ø§Ø¦Ù†Ø§ Ø§Ù„ÙƒØ±Ø§Ù… Ø§Ù„Ø±Ø¯ Ø¹Ù„ÙŠ Ø§Ø³ØªÙØ³Ø§Ø±ØªÙƒÙ… Ø¹Ù„ÙŠ Ø§Ù„ÙˆØªØ³ 0555444150"""
0.0,"""#ØªÙˆÙŠØª_Ø­Ø¯ÙŠØ« #ØµÙˆØ±Ø©  http://t.co/ibSMZ7ObRc #ï·º"""
0.0,"""@abc0691 ì§€ê¸ˆì€ì—¬?ã…‹ã…‹"""
0.0,"""@dmitryzelukin Ğ Ñ‡Ñ‚Ğ¾ Ğ² ĞµĞ²ĞµÑ€Ğ½Ğ¾ÑƒÑ‚Ğµ? ĞŸĞ¾Ñ‡ĞµĞ¼Ñƒ Ğ½Ğµ g docs? Ğ£ Ñ…Ğ¸Ğ¿Ñ‡Ğ°Ñ‚Ğ° ĞºĞ»Ğ¸ĞµĞ½Ñ‚ Ğ¿Ğ¾Ğ»Ğ½Ğ¾Ğµ Ğ³Ğ¾Ğ²Ğ½Ğ¸Ñ‰Ğµ..."""
0.0,"""RT @SaudiNews50: Ø¹Ø§Ø¬Ù„:  Ø§Ù„Ø¨Ø­Ø±ÙŠØ© Ø§Ù„Ø³Ø¹ÙˆØ¯ÙŠØ© ØªØ¹Ø«Ø± Ø¹Ù„Ù‰ ØµÙˆØ§Ø±ÙŠØ® Ù„Ù„Ø­ÙˆØ«ÙŠÙŠÙ† Ù…Ø®Ø¨Ø£Ø© ÙÙŠ Ø¬Ø²ÙŠØ±Ø© Ø­Ø¯ÙˆØ¯ÙŠØ© .  #Ø§Ù„Ø­Ø±Ø¨_Ø¹Ù„Ù‰_Ø§Ù„Ø­ÙˆØ«ÙŠÙŠÙ† #Ø§Ù„Ø­ÙˆØ«ÙŠÙŠÙ† #Ø§Ù„ÙŠÙ…Ù† #Ø§Ù„Ø³Ø¹ÙˆØ¯ÙŠØ©"""
0.0,"""ã‚‚ã†ãªã‚“ã‹ã‚‚ã†ãƒ‰ãƒ­ã‚·ãƒ¼ç§ã‚‚ä»Šå›ã®æ›²ã®ä¸­ã§1ç•ªæ³£ãã—1ç•ªå¥½ãã ã—ã„ã‚ã„ã‚ã¤ã‚‰ã„ã… ã… ã… ã… """
11.565175019043869,"""Pool 2. Game nine results. Vale A -5. Caerphilly B-0 #LAHub"""
0.0,"""æ€§æ ¼è¨ºæ–­ã‚„ã‚‹ã¨ã‹ãªã‚‰ãšç®¡ç†è€…ã¨ã‹å¼è­·å£«ã¨ã‹ãã†ã„ã†ã®ã«ã•ã‚Œã‚‹ã®ã§ã¤ã¾ã‚‰ã‚“â€¦ã‚ã¨ãµãŸã”åº§ã ã‹ã‚‰ã‹ã‚„ãŸã‚‰äºŒé¢æ€§ãŒã‚ã‚‹ã“ã¨ã«ã•ã‚Œã‚‹ğŸ’¢ğŸ’¢ğŸ’¢"""
0.0,"""ãŠè…¹ãŒç©ºã„ãŸã‚ï¼ã—ã‚‡ã†ãŒãªã„ã‹ã‚‰ãƒ•ã‚©ã‚¢ã‚°ãƒ©ã®ç¼¶è©°ã§ãŒã¾ã‚“ã™ã‚‹ã‚"""
0.0,"""@iyamiyapiano @soraosorasora å…¨å“¡å…¬å…±äº¤é€šæ©Ÿé–¢ä½¿ç”¨ç¦æ­¢ãª"""
0.0,"""RT @SenyoritaVice: Anong kasalanan ko sayo iniwan mo nalang akong duguan.  -Napkin"""
0.0,"""ã‚„ã£ã±ã‚Šå›ã£ã¦ã€æœŸå¾…ã‚’è£åˆ‡ã‚‰ãªã„ã‚ˆãª"""
5.808576760541701,"""@MadeReyesS Averigua que tipo de Personalidad tienes analizando tus tweets con esta app Â¡Increible! http://t.co/dfgvc8hq4J"""
0.0,"""æµçŸ³ã¯ã¾å±‹ã€æ—¥æœ¬ä¸€æŠœã‘ã‚„ã™ã„ã­ï¼"""
0.0,"""RT @NajrantoDay: ÙˆØ²Ø§Ø±Ø© Ø§Ù„Ø¯Ø§Ø®Ù„ÙŠØ© ØªØ­Ø°Ø± : Ø§Ù„ØªØ¨Ø±Ø¹Ø§Øª ÙÙŠ ØºÙŠØ± Ù…Ø­Ù„Ù‡Ø§ ÙˆØ­Ø³Ù† Ø§Ù„Ø¸Ù† Ù‚Ø¯ ÙŠÙˆÙ‚Ø¹Ùƒ ÙÙŠ Ø¬Ø±ÙŠÙ…Ø© ØªÙ…ÙˆÙŠÙ„ Ø§Ù„Ø¥Ø±Ù‡Ø§Ø¨ . http://t.co/yRk492eRzA"""
25.8472549401537,"""@fifthziam follow back love?"""
105.1426382667648,"""RT @chwehansoul: WHAT THE ACTIALT FUKC http://t.co/BDSZzZaYAI"""
0.0,"""20æ™‚ã«ãªã£ãŸã¨ã¨ã‚‚ã«é€ã‚‹ã‚“ã˜ã‚ƒï¼ï¼ï¼"""
0.0,"""ãƒãƒ­ãƒ—ãƒ­ã®â„ƒ-ute(ã‚­ãƒ¥ãƒ¼ãƒˆ)ã«ãƒ„ã‚¤ãƒƒã‚¿ãƒ¼ã§è§£æ•£ã®å™‚ãŒæµã‚Œã¾ã—ãŸ... http://t.co/K4qBZkerE2"""
0.0,"""@Brackdazy ã‚wwwwwww"""
158.87132226734698,"""and as if YOU could talk.. ğŸ¸â˜•ï¸"""
0.0,"""RT @tv2xqjamocha: ã¾ã æ±æ–¹ç¥èµ·ã‚³ãƒ¼ãƒ«ãªã‚Šã‚„ã¾ãªã„ã€‚ã¿ã‚“ãªå¸°ã‚‰ãªã„ã€‚ #T1ST0RYEncoreInSeoul"""
0.0,"""RT @SenyoritaVice: Wag mong piliin yung taong gusto ka lang, piliin mo yung tanggap ka kung ano ka. #SenyoritaViceHugot"""
0.0,"""@51saikoo  ã‚ã‚ŠãŒã¨ğŸ™ˆ"""
0.0,"""RT @v______v95: ãƒ¢ã‚¥ã€œã€œğŸ®ğŸ„ğŸ‚ğŸƒ"""
0.0,"""@ICCHY8591 å¾…æ©Ÿï¼"""
0.0,"""RT @ssingss: à¸šà¸²à¸‡à¸—à¸µà¸à¹‡à¸£à¸¹à¹‰à¸ªà¸¶à¸à¹€à¸«à¸™à¸·à¹ˆà¸­à¸¢"""
0.0,"""Ø§Ù„Ø¯ÙˆÙ„Ø© Ø§Ù„Ø§Ø³Ù„Ø§Ù…ÙŠØ© Ùˆ Ù…Ø§ Ø§Ø¯Ø±Ø§Ùƒ Ù…Ø§Ø§Ù„Ø¯ÙˆÙ„Ø© Ø§Ù„Ø§Ø³Ù„Ø§Ù…ÙŠØ© Ø¹Ù„Ù‰ Ù„Ø³Ø§Ù† Ø¹Ø¨Ø¯Ø§Ù„Ø¨Ø§Ø±ÙŠ Ø¹Ø·ÙˆØ§Ù†  https://t.co/GxILnmhVhj  #Ø¯Ù„ÙŠÙ„_Ø­Ø¨ÙŠ_Ù„Ùƒ"""
0.0,"""RT @Story_terror: 14å¹´ã‹ã‘ã¦ä¸€ç­‰ç±³ã‚’ä½œã£ãŸã‚¢ã‚¤ãƒ‰ãƒ« http://t.co/N8Z1dNhnIh"""
136.7223399999751,"""RT @DarrenaticsTO: Step through new doors. The majority of the time there's something fantastic on the other side.  DarrenEspanto Guillermoâ€¦"""
20.588515738609935,"""@sparkle_stardom Twitter Recommend!277#RayBan Sunglasses 60% Off sale! http://t.co/S5owyYbKCJ http://t.co/hiBBoADnS2"""
0.0,"""RT @phagetypet40: å¹¼ã„å­ä¾›ãŒé‰„é“å›³é‘‘ã‚’è¦‹ã¦ã€Œã“ã‚Œã¯ä½•ãƒ¼ï¼Ÿã€ã¨èã„ã¦ãã‚‹ã®ã§ã€æœ€åˆã¯ã€Œãƒ¯ã‚¤ãƒ‰ãƒ“ãƒ¥ãƒ¼ä¿¡æ¿ƒã€ã ã¨ã‹ã€Œãƒ•ãƒ¬ãƒƒã‚·ãƒ¥ã²ãŸã¡ã€ã ã¨ã‹ã¾ã˜ã‚ã«ç­”ãˆã¦ã„ãŸãŒã€ãã®ã†ã¡é¢å€’ã«ãªã‚Šã€Œã‚¨ãƒŠã‚¸ãƒ¼ãƒœãƒ³ãƒãƒ¼è¸Šã‚Šå­ã€ã¨ã‹ã€Œã‚¹ã‚¿ãƒ¼ãƒ—ãƒ©ãƒãƒŠç·´é¦¬ã€ãªã©ã¨ãƒ†ã‚­ãƒˆã‚©ãƒ¼ã«ç­”ãˆã¦ã„ã‚‹ã€‚å¤šåˆ†â€¦"""
0.0,"""RT @DawaNBisha: Ø¨Ø¥Ø´Ø±Ø§Ù ØºØ±Ù… Ø§Ù„Ø¨ÙŠØ´ÙŠ ÙÙŠ #Ø±Ù…Ø¶Ø§Ù† #Ù‡Ø§Ù… Ø³Ø§Ù‡Ù… #Ø§Ù†Ø´Ø± #Ø±ØªÙˆÙŠØª Ù„Ù…Ø´Ø±ÙˆØ¹ #Ù…Ø«Ù„_Ø§Ø¬Ø±Ù‡_3 #Ø§ÙØ·Ø§Ø±_ØµØ§Ø¦Ù… Ùˆ #Ø®ÙŠØ± ÙƒØ«ÙŠØ± #Ù…Ø·Ø§Ù„Ø¨Ù‡_Ø´Ø¹Ø¨ÙŠÙ‡_Ø¨Ø­Ø°Ù_mbc http:/â€¦"""
0.0,"""ã‚†ããŠãŸãã•ã‚ˆã†ãªã‚‰ã€"""
33.75283801628301,"""We got a special connection can't nobody come between!"""
75.11574874317202,"""@Sheridan24_ytfc No, no I wasn't saying that at all ğŸ˜Š sure it will be, hard work always pays off eventually!x"""
0.0,"""RT @ThoseScouseLads: â€œ@Rortiz_ESPN: Mateo Kovacic del Inter al Liverpool por 25 millones de eurosâ€ http://t.co/qAlDNq4pKZ"""
86.97580130233017,"""@Paulos_14 i feel you bro"""
0.0,"""RT @hamza_alagic: @voetbalzonenl netanyahu"""
8.610539564815227,"""Feel so peak"""
82.81335122179742,""""You were my only and every starry night." - I wouldnâ€™t have it any other way // (via raindropsprinkles) http://t.co/8pghJCXVbw"""
0.0,"""Minha mÃ£e >>>>>>> resto"""
0.0,"""RT @STYLATORARMY: Ok harry http://t.co/iFad5m7MZj"""
0.0,"""ca, kelas nya mau dipecah ca â€” iya ih benciğŸ˜­ gamau pisah ih http://t.co/eI1NHqZcZU"""
0.0,"""RT @jyvitimuluc: Ğ’Ğ¾ĞµĞ½Ğ½Ñ‹Ğµ Ñ€Ğ°ÑÑĞºĞ°Ğ·Ğ°Ğ»Ğ¸ Ğ¾ Ñ‚Ğ¾Ğ¼, Ñ‡Ñ‚Ğ¾ ÑĞµĞ³Ğ¾Ğ´Ğ½Ñ Ğ¿Ñ€Ğ¾Ğ¸ÑÑ…Ğ¾Ğ´Ğ¸Ğ»Ğ¾ Ğ² Ğ·Ğ¾Ğ½Ğµ Ğ±Ğ¾ĞµĞ²"""
0.0,"""Bom dia, famÃ­lia!"""
93.3933458712006,"""@miss_petaia just spoke to Dad & he was telling me how he felt bad not recognising  you guys when you first waved lol can he not ğŸ˜‚ love u x"""
83.03686572057575,"""RT @payneindickass: Harry has lots of girl-friends so if you're in this fandom for a long time (enough) then you'll know Sara Sampaio and Hâ€¦"""
76.71263077745604,"""RT XfactorPromos "I will Add Real Quality 7,000 Twitter Followers to your Profile for $5 http://t.co/sXcTEx2v0O http://t.co/XNeCz5WBFK""""
102.31304518257029,"""I have a rising follower graph! 21 more followers in the past week. Get your stats right here http://t.co/eEQLMpCUIS"""
0.0,"""å¯’ã„ã‚ˆã‚®ãƒ£ã‚°ãŒï¼"""
0.0,"""c"""
0.0,"""é«˜å°‚ã¯ã‚¯ã‚ºã¨å¤©æ‰ã®ã©ã£ã¡ã‹ã—ã‹ã„ãªã„ã‚ˆ"""
0.5429925285262205,"""3rd List: Shaman Lal Waqas Ahmed M.Yousuf dars Pardeep  Mool chand RJ Dharwai Rajesh Dspnsr Depak Rathi Bebu Maheshari,"""
0.0,"""ã¿ã‚“ãªã§ã‹ã‚‰ãŠã‘ã„ã“ãƒ¼ãƒ¼"""
21.517993963745173,"""RT @camilacabeIlo97: wake up in da morning feeling like p diddy http://t.co/5C5BjO4f"""
0.0,"""@sayajiro0621  ã†ãã§ã—ã‚‡ã€ã€(Â´-Ï‰-`) ã•ã³ã—ããªã‚‹ã­ç¬‘ ã‚ã‚ŠãŒã¨ï¼ï¼ï¼ç¬‘"""
0.0,"""RT @ilacopperfild: Attivazione di processi comunitari all'interno di aree rurali @AgostinoRiitano a #RENAfestival con #ruralhub http://t.coâ€¦"""
0.0,"""RT @babydogBAEKHYUN: ë©´ì´ì‹œâ˜… @E_PLE06 @xiu_cheD   @cookie_mon_s @Cheni_CJD @ksjh12 @hjkim92372 @dailylala @hyunzzing0326"""
0.0,"""RT @yoshiki1998430: @boutan77 @Kaitttz31 ãŠå‰ã‚‰ã‚„ã‚ã¦ãã‚Œ  ä¿ºã¯ãŒã‚“ã°ã£ãŸã‚“ã ä»Šæ—¥"""
0.0,"""çµ‚ã‚ã£ãŸã‚“ã ã­â€¦ğŸ˜­"""
0.0,"""@iris_wc_DN ã‚ªãƒ•ãƒ‘ã‚³ã‚‰ã—ã„ãŠ(*'-'*)"""
0.0,"""#PucukHarumNARUTO-tenten @Globaltvseru @PucukHarum #NarutoOnGlobalTV *170"""
49.0351359883526,"""Brand spanking new update of #staceyrobyn now inside her #officialwebsite   #lingerie #sexylingerieâ€¦ https://t.co/pZqayp3o31"""
0.0,"""æ•°Aæ•°1åˆã‚ã›ã¦50ãƒšãƒ¼ã‚¸( Ë˜Ï‰Ë˜ )"""
0.0,"""@jessicalowndes WOW So cute"""
0.0,"""RT @JaDineCLAN: Let's tweet â˜ #JaDineAtGuillermoAwardsNight -JYN"""
0.0,"""@i_am_kae_ ãã†ãã†ğŸ™†  ã‚ã€ã•ã£ãã® ã•ã£ãã‚‡ã†ã‘ã‚“ã¨ãŸâ—¯ã­ã‚‰ã¶ã§ã—ã‚‡ï¼Ÿ"""
0.0,"""@TKMitssp17  è¡Œãï¼Ÿ å¤šåˆ†æ—¥ãŒå¤‰ã‚ã‚‹é ƒã«è¡Œã“ã†ã‹ã¨æ€ã£ã¦ã‚‹ã‘ã©â€¦"""
35.66014435048892,"""New #job opening at Price Industries Limited in #Winnipeg - #Industrial #engineer #jobs http://t.co/GBXQRdTHpc"""
0.0,"""ã©ã†ã—ã¦ã€ã“ã®ç³ã‚’è¦‹ã¤ã‚ã¦ãã‚Œãªã„ã®ï¼Ÿã€€äº’ã„ç›®ç·šãŒã€€å¤‰ã‚ã‚‰ãªã„é«˜ã•ã«ãªã£ã¦ã„ãŸâ€¦ã€€â€•â€• RainbirD #GLAY_Lyrics"""
0.0,"""à¸à¸µà¸®à¸¢à¸­à¸™à¸—à¸µà¹ˆà¸¢à¹‰à¸²à¸à¸à¸à¸"""
0.0,"""@rabbit_Noah ã¨ã‚Šã‚ãˆãšæ©Ÿå«Œã‚’ç›´ã—ã¦ãã‚Œã‚‹ã¨("""
0.0,"""å•é¡Œã¯ã‚·ã‚ªãƒ³ã¡ã‚ƒã‚“èª•ç”Ÿæ—¥ã‚ã¨10æ—¥ãã£ã¦ã¦ãªãƒ¼ã‚“ã«ã‚‚è€ƒãˆã¦ãªã„"""
0.0,"""RT @O112_O522: ì—‘ì†Œê±´ë“¤ì§€ë§ˆ ê±´ë“¤ë©´ http://t.co/4cniCXcrUg"""
87.37542858999664,"""I bet a lot of people are  up but not tweeting lmao"""
0.0,"""Salto https://t.co/oXXgS7dlLd"""
0.0,"""RT @MoMo_mizza: à¸™à¹‰à¸­à¸‡à¹†à¸—à¸³à¸à¸²à¸™à¹„à¸«à¸§à¹‰à¸„à¸£à¸¹ à¸«à¸§à¸±à¸‡à¸§à¹ˆà¸²à¸„à¸‡à¹„à¸¡à¹ˆà¸¡à¸µà¹‚à¸¡à¹€à¸¡à¹‰à¸™à¸•à¹Œà¸™à¸µà¹‰à¸™à¸° http://t.co/kd9qW14MtY"""
0.0,"""ã‚¯ã‚½ãƒªãƒ—è¿”ã—ã¦ã—ã¾ã£ãŸâ€¦"""
0.0,"""RT @madaisyy__: à¹„ à¸¡à¹ˆ à¸­ à¸¢ à¸² à¸ à¹€ à¸›à¹‡ à¸™ à¸„ à¸™ à¸„à¸´ à¸” à¸¡ à¸² à¸"""
0.0,"""RT @NearMelL_1989: à¸™à¸±à¹ˆà¸‡à¹€à¸¥à¹ˆà¸™à¸„à¸™à¹€à¸”à¸µà¸¢à¸§ à¸›à¸¥à¹ˆà¸­à¸¢à¹ƒà¸«à¹‰à¸®à¸¢à¸­à¸‡à¸à¸¹à¸”à¹„à¸› à¸«à¸™à¸¹à¸¡à¸µà¸«à¸™à¹‰à¸²à¸—à¸µà¹ˆà¹€à¸¥à¹ˆà¸™ à¸™à¹ˆà¸²à¹€à¸­à¹‡à¸™à¸”à¸¹à¸§à¸§à¸§à¸§à¸§à¸§à¸§à¸§à¸§à¸§à¸§à¸§à¸§à¸§à¸§à¸§  >.< http://t.co/NF7wqf0Hbd"""
0.0,"""@MiriamHissel ve como eres"""
0.0,"""@SK1227__ ì‹œã…£ã…£ã…‹ã…ë‹˜ ì—­ì‹œ í•µã„±ì¡´ì˜ ã… ã… ã… ã… ã… ã… ã… ã… ã… ã… ã… ã… ã… ã… ã… ã… ã… ã… ã… ã… ã… ã… ã… ã… ã… ã… ã… ã… ã… ã… ã… ã… ã… ã… ã… ã… ã… ã… ã… ì•„...ì•„ ë„˜ ê·€ì—¬ì›Œìš”ã… ã… ã… ã… ã… ã… ã… ã… ã… ë‹¤ë¥¸ë¶„ë“¤ ìºë‘ ë„˜ ê·€ì—¬ì›€...ì € ì‹œì¹´ë‹˜ ì—°í•„ì„  ë„˜ ì¡°ì•„ìš”(ë°”ë“¤ë°”ë“¤"""
0.0,"""RT @SakurabaKaname: ã€ãŠçŸ¥ã‚‰ã›ãƒ»æ‹¡æ•£å¸Œæœ›ã€‘ http://t.co/TOxU45wmsv ã€ŒãƒãƒŠãƒã‚«ã‚ªãƒªã€æ›´æ–°ã—ã¾ã—ãŸï¼ #narou #narouN0742BX Fragrance 6ï¼ˆç¬¬6ç« ï¼‰-ã‚­ã‚ªã‚¯ãƒã‚«ã‚ªãƒª- ã®ç¬¬5è©±ã€è¨˜æ†¶ã€ã‚’æ›´æ–°ã—ã¾ã—ãŸã€‚æ˜¯éã€èª­ã¿â€¦"""
0.0,"""@makeitglow0028  ã‚ˆã—ããŸ"""
47.18681871878614,"""@AR1961 heehee! Naughty but very funny! Thank you. :)) xx"""
0.0,"""RT @AnndBarlow: @rosanasousa73 vamos pegar trem pra Londres pra outro show. ğŸ˜£ğŸ˜£ğŸ˜£ğŸ˜£"""
0.0,"""ã€Œæ·±æµ·éƒ¨éƒ¨é•·ã®ãƒªã‚³ãƒªã‚¹ã§ã™ã€ ã€Œå‰¯éƒ¨ã®ç©ºæ¯æ°´é¬¼ã§ãƒ¼ã™ã€‚ã§ã€ã“ã£ã¡ãŒå¼•ãã“ã‚‚ã‚Šã®é›¢å³¶æ£²é¬¼ã€ ã€Œèª°ãŒå¼•ãã“ã‚‚ã‚Šã˜ã‚ƒï¼ã€"""
0.0,"""ã‚µã‚¯ã‚·ãƒ¼ãƒ‰ã‚„ã‚ï¼ï¼ï¼å…¨ãã‚„ã‚‹æ°—ã§ãªã„"""
0.0,"""ã˜ã‚…ã‚‰ã‚“ã‚‚ã‚„ã‚ŠãŸã„ï¼ #RTã—ãŸäººã«ä»Šæ€ã†ç´ ç›´ãªæ°—æŒã¡ã‚’ä¼ãˆã¾ã™"""
0.0,"""Kau ambik kisah ke pasal aku ?"""
0.0,"""RT @AureJoaquinG: EnviÃ¡ndoles un muy cordial saludo desde este lluvioso #Sabado desde nuestro querido #Cozumel . Que tengan #BuenFin . httpâ€¦"""
0.0,"""ë‚˜ëŠ” íŒí”ˆí•˜ëŠë¼ ë„ˆë¬´ ê°•í•´ì ¸ë²„ë ¸ë‹¤... ë§ˆì´ë§ˆì´ë¥¼ ê³µê²©í• ìˆœì—†ìœ¼ë‹ˆ ì…ë¬¸ì„ í¬ê¸°í•©ë‹ˆë‹¤"""
1.282237376829816,"""RT @JordiMoyaRiera: Ã‰xito charla promocional del XI FORUM MULTIDISCIPLINAR DEL DOLOR 5-7 mayo 2016 en "Menorca Sine Dolore World Park" httpâ€¦"""
0.0,"""@amakara249  ãã°ã‚‰ã®ã‚»ãƒ³ã‚¹ã¯å¸¸ã«ã‚ªãƒ–ãƒ¯ãƒ³ãƒ€ãƒ¼ã§ã™( â€¢Ì€Ï‰â€¢Ì )"""
0.0,"""@tack_mn4 ã‚‚ã†èŠ¸è¡“å“ã®ä¸–ç•Œã‚„ã§ãƒ»ãƒ»ãƒ»"""
0.0,"""@nishi_higashi_3 ç¬‘ã„ãŒæ­¢ã¾ã‚‰ã‚“ã®ã‚„ã‘ã©"""
0.0,"""ãƒ¯ãƒ³ãƒ‰ãƒ­ã„ã£ã±ã„ã‚ã‚‹ã­"""
0.0,"""å¯ã¼ã‘éãã¦å…«ç‹å­ã§ä¹—ã‚Šæ›ãˆã—ãŸã®ã«å…«ç‹å­ã‹ã¨æ€ã£ã¦æ€¥ã„ã§é™ã‚ŠãŸã‚‰æ·µé‡è¾ºã ã£ãŸã€‚ã›ã£ã‹ãåº§ã£ã¦ãŸã®ã«ã€ã€ã€ã€"""
0.0,"""ç›¸äº’ãƒ•ã‚©ãƒ­ãƒ¼ã—ã¾ã—ã‚‡ï¼SFã‚’å¥½ããªäººã ã¨å¬‰ã—ã„ã§ã™ã€‚ãƒ•ã‚©ãƒ­ãƒ¼å¾…ã£ã¦ã¾ã™ï¼"""
0.0,"""@akakyon_ske ã‚Šã‚‡ã†ã¾ã¾ã¾ #RTã—ãŸäººã«3ç§’ã§æµ®ã‹ã‚“ã ã‚ã åã¤ã‘ã‚‹"""
0.0,"""ã‚¢ã‚¤ãƒ‰ãƒ«ã«ãªã‚ŠãŸã„ï¼Ÿ  ã¾ãšå—ã‘ã¦ã¿ãªã„ã¨ã€‚ã‚ªãƒ¼ãƒ‡ã‚£ã‚·ãƒ§ãƒ³  â†’å‹Ÿé›†HP http://t.co/FmL8H6WqKZ â†’ä¼šç¤¾HP http://t.co/qvix5vEFgo #ã‚¢ã‚¤ãƒ‰ãƒ« #åœ°ä¸‹ã‚¢ã‚¤ãƒ‰ãƒ« #æ‹¡æ•£å¸Œæœ› #ç¦å²¡ #ã‚ªãƒ¼ãƒ‡ã‚£ã‚·ãƒ§ãƒ³"""
0.0,"""RT @kasiwa_sippu: http://t.co/heCV1aVB12"""
37.18999589273983,"""going home naooooooo"""
0.0,"""ã‚¯ã‚½ã‚¬ã‚­ã®ç›¸æ‰‹ãƒã‚¸ã§ç–²ã‚Œã‚‹"""
126.51460069893733,"""You might have a sneaking suspicion today that you've been sho... More for Scorpio http://t.co/2jg1VCbyHy"""
134.86690513453206,"""You may appear highly energetic and overly enthusiastic today,... More for Leo http://t.co/WapxHFkt5Y"""
0.38125642686463335,"""RT @coeurparasite: hey @jeromejarre je serais certainement Ã  NY Ã  partir du 26, jâ€™espÃ¨re te voir, j'ai un cadeau d'anniversaire Ã  t'offrir â€¦"""
0.0,"""Forse di meno  Geografia, Scienze e  Geometria https://t.co/QSMb4tEnda"""
64.96225324350182,"""A creative babe is so much more than any other babe x https://t.co/g4OGH4RugD"""
73.99395980634029,"""RT @NiggaImCeno: I fuck with Pomona"""
68.97690012152242,"""RT @PKDHOfficial: Just 4 days more for #3YearsOfPKDH A very special show for all of us..Amazing edit by @cute_bhavya5 n Taaniâ¤ï¸ http://t.coâ€¦"""
0.0,"""RT @AlmiraAzam: Ø¬Ø³ Ø·Ø±Ø­ Ù¾Ù†Ø¬Ø§Ø¨ Ø­Ú©ÙˆÙ…Øª Ù†Û’ ÛØ± Ú†ÛŒØ² Ú©Ø§ Ø­Ù„ Ù…ÛŒÙ¹Ø±Ùˆ Ù…ÛŒÚº ÚˆÚ¾ÙˆÙ†Úˆ Ù„ÛŒØ§ ÛÛ’ Ø¨Ù„Ø§ÙˆÙ„ Ù†Û’ ÙØ± ÙˆØ§Ø¦ÛŒ ÙØ§Ø¦ÛŒ Ù…ÛŒÚº ÛØ±  Ú†ÛŒØ² Ú©Ø§ Ø­Ù„ ÚˆÚ¾ÙˆÙ†Úˆ Ù„ÛŒØ§ ğŸ˜… #SindhGovFlops"""
0.0,"""RT @exovote_bot: ğŸŒŸì´ë²ˆì£¼ ë©œë¡  ì£¼ê°„ì¸ê¸°ìƒ 1ìœ„ë¥¼ í•˜ë ¤ë©´ íˆ¬í‘œ ì°¨ì´ê°€ 5ë§Œí‘œì´ìƒ ë‚˜ì•¼ í•œë‹¤ê³  í•©ë‹ˆë‹¤ í˜„ì¬(ì˜¤í›„7ì‹œ9ë¶„) 2ìœ„ì™€ ì•½ 3ë§Œ 3ì²œí‘œ ì •ë„ ì°¨ì´ ë‚©ë‹ˆë‹¤ ë˜í•œ í˜„ì¬ íˆ¬í‘œ ì´ê³µ ì§„í–‰ ì¤‘ì´ë‹ˆ ê¼­ ì°¸ì—¬ ë¶€íƒë“œë¦½ë‹ˆë‹¤ #EXO http:/â€¦"""
0.0,"""Ù…Ø·Ù„ÙˆØ¨ Ø±Ø³Ø§Ù… Ù…Ø¹Ù…Ø§Ø±ÙŠ Saudi Arabia - Ø§Ù„Ø±ÙŠØ§Ø¶ http://t.co/hQzTjfSkLR"""
0.0,"""RT @aimanazlan90: Kasar tidak bermakna benar."""
0.0,"""https://t.co/gKtrzyY6ko ãµãã—ã¿ã‚“ãªã¸ #ã¨ã‚‚ã‚“"""
34.15105837215705,"""Seafood Salad with California Avocado â˜#losangeles #southbay #oldetorrance #foodporn #eatla @ Laâ€¦ https://t.co/Cc02WHsy8H"""
0.0,"""To tomando cafÃ©"""
99.90848926610072,"""RT @dongbangdata: The concert's over. The lights are on. But no one is leaving. Everyone is chanting "TVXQ" #T1STORYEncore"""

4.635273493678998,""""Lorsqu'on a comprit la valeur de la vÃ©ritÃ©, on ne peut plus mentir."â›”ï¸"""
0.48514814894911057,"""RT @atazia_: Demain je vais faire de la cuisine molÃ©culaire vraiment m o r t e l"""
0.9189104328905271,"""RT @bodyagainstbody: qd j'ai pas envie d'te parler jte le fais clairement comprendre"""
0.0,"""ãƒ‰ãƒ³ã£ã¦ã‚„ã‚‹ã®ã‚„ã‚ã„ï¼"""
1.0037578971408343,"""@Semanaldigital @benjalh1971 PORQUE PACTAR CON EL SOE DEL SUR, ES PACTAR CORRUPCIÃ“N PUTREFACTA Y POR LOS CUATRO COSTADOS?. Y DE IMPUTADOS???"""
2.509394742852086,"""RT @Moda__Chicas: Me encantan los leggings. <3 http://t.co/2E50yEuME5"""
1.5202741309833114,"""@ACMacalintal_ miss u po"""
73.90701222906685,"""RT @namelessrags: RT THIS AND YOU'LL RECEIVE A GOOD NEWS IN 10 MINS http://t.co/HsDUaPUuk4"""
0.0,"""RT @jjusthack: à¸ªà¸±à¹ˆà¸‡à¸«à¸¡à¸¹à¸œà¸±à¸”à¸à¸£à¸´à¸à¹€à¸œà¸²à¹„à¸‚à¹ˆà¸”à¸²à¸§à¹„à¸¡à¹ˆà¸ªà¸¸à¸ à¹à¸¡à¹ˆà¸„à¹‰à¸²à¸–à¸²à¸¡à¸à¸¥à¸±à¸šà¹à¸¥à¹‰à¸§à¸«à¸¡à¸¹à¹€à¸­à¸²à¸ªà¸¸à¸à¹„à¸«à¸¡ à¹€à¸£à¸²à¸ˆà¸°à¸•à¸­à¸šà¸§à¹ˆà¸²à¸­à¸°à¹„à¸£à¸”à¸µ à¸ˆà¹‰à¸°à¸›à¹‰à¸² à¸–à¹‰à¸²à¸‡à¸±à¹‰à¸™à¸›à¹‰à¸²à¸à¹‡à¹€à¸­à¸²à¸‚à¹‰à¸²à¸§à¸ªà¸²à¸£à¸£à¸²à¸”à¹€à¸™à¸·à¹‰à¸­à¸«à¸¡à¸¹à¸ªà¸”à¸•à¸­à¸à¹„â€¦"""
0.0,"""@DA2_Ega di antos ftv nu enggalna nya neng,,,heehe"""
0.0,"""Y Jun subiendo en mi lista porque le gusta TT____TT"""
0.0,"""https://t.co/A4zRN8GsTz ÙŠØ´Ø±ÙÙ†Ø§ Ø¹Ù…Ù„Ø§Ø¦Ù†Ø§ Ø§Ù„ÙƒØ±Ø§Ù… Ø§Ù„Ø±Ø¯ Ø¹Ù„ÙŠ Ø§Ø³ØªÙØ³Ø§Ø±ØªÙƒÙ… Ø¹Ù„ÙŠ Ø§Ù„ÙˆØªØ³ 0555444150"""
0.0,"""RT @hichun_kaeru: ã¾ã‚†ã”ã‚Šã‚ã–ã‚ã–ã‚ã‚ŠãŒã¨ã­ğŸ˜­ğŸ’—ğŸ’—ğŸ’— ã‚ã£ã¡ã‚ƒå¬‰ã—ã‹ã£ãŸ(à®‡Ğ´à®‡; ) ãŠäº’ã„æ¥½ã—ã‚‚ã†ã­ğŸ‘âœ¨ http://t.co/xX0RozOjQd"""
0.0,"""RT @i_tripon: à¸§à¸¥à¸µà¹€à¸”à¹‡à¸” #à¹€à¸­à¸¡à¸™à¹‰à¸³ 3 "à¹€à¸„à¹‰à¸²à¸ˆà¸°à¹„à¸›à¹„à¸”à¹‰à¹„à¸à¸¥à¸„à¹ˆà¸° à¹à¸•à¹ˆà¸ˆà¸°à¸”à¸µà¸¡à¸²à¸à¸–à¹‰à¸²à¹„à¸›à¸”à¹‰à¸§à¸¢à¸à¸±à¸™" *à¹„à¸›à¹€à¸–à¸´à¸”à¸—à¸±à¹‰à¸‡à¸„à¸¹à¹ˆ à¹„à¸›à¸ªà¸¹à¹ˆà¸›à¸£à¸°à¸•à¸¹à¸ªà¸§à¸£à¸£à¸„à¹Œ* *à¸£à¹‰à¸­à¸‡à¹€à¸à¸¥à¸‡à¸„à¸¥à¸­*"""
0.0,"""RT @anokb1mhe6jy: ã‚¨ãƒ³ãƒˆãƒ­ãƒ”ãƒ¼å¢—å¤§å‰‡ã€ãˆã‚“ã¨ã‚ã´ãƒ¼ãã†ã ã„ããã€‘: ãƒ‹ãƒ¥ãƒ¼ãƒˆãƒ³åŠ›å­¦ã‚„ç›¸å¯¾æ€§ç†è«–ã€ãã®ä»–ã»ã¨ã‚“ã©ã®ç‰©ç†æ³•å‰‡ã¯æ™‚é–“ã‚’é€†å›ã—ã«ã—ã¦ã‚‚æˆç«‹ã™ã‚‹ã€‚ã«ã‚‚ã‹ã‹ã‚ã‚‰ãšã“ã¼ã—ãŸã‚¤ãƒ³ã‚¯ã¯æˆ»ã‚‰ãªã„ã€‚ã“ã‚Œã¯å®‡å®™ã«ã¯ä¹±é›‘ãªæ–¹ã«å‘ã‹ã†æ€§è³ªãŒã‚ã‚‹ã‹ã‚‰ã§ã‚ã‚‹ã€‚ http://â€¦"""
0.0,"""@sakura1212btbt ãƒ‰ãƒªãƒ•ã‚¿ãƒ¼ã‚ºã£ã¦ç­”ãˆãŒå‡ºã¦ã¾ã—ãŸã‚ˆ"""
2.1248505589370765,"""RT @Yunho_Uknow: 150614 TVXQ BOW!!! Goodbye 20s! http://t.co/6KpShEKzMw"""
0.0,"""#groningen Qliner botst tegen ANWB bord http://t.co/xJks4vKRac #borrelnieuws"""
0.68729321101124,"""K ye Hindu,Wo Muslim hai,Falana Sikh or Dhimka Christian hai,Usko Pakistan Jana Chahiye to usko Dark Room mai khud to band kr lene Chahiye.."""
0.0,"""RT @yabedoga: ãƒ²ã‚¿èŠ¸ã‚‚æ¥µã‚ã‚‹ã¨ã‚«ãƒƒã‚³ã‚¤ã‚¤!? http://t.co/QxJhpB6xos"""
51.98897007061443,"""RT @Breansmith: Been kinda over wit for me"""
1.3067951447908324,"""RT @davideagazzi: Ezio Manzini al #RENAfestival: innovazione sociale, design e prosperitÃ  http://t.co/rFlD1JsiH4 cc @ProgettoRENA @frarussoâ€¦"""
0.0,"""RT @albaarq8: _  ØªØµØ¯Ù‚ Ø¥Ù†Ùƒ Ø¨Ø§Ø±Ø¯ ÙˆØªØ±ÙØ¹ Ø§Ù„Ø¶ØºØ· Ø³Ø§Ø¹Ù‡ Ø§ØºØ±Ø¯ Ù„Ùƒ ÙˆÙ„Ù„Ø­ÙŠÙ† Ø³Ø§ÙƒØª !!  ğŸ˜’"""
0.0,"""RT @amykten: JRä¹å·ã®è¡£è£…ã»ã‚“ã¨ã«ã‹ã£ã“ã„ã„ã‚ˆã­å¤§å¥½ã http://t.co/VEaJTp2cVe"""
0.0,"""RT @lastpiece_DO: 150611 ìƒˆì‹¹ ê²½ìˆ˜ì™€ ë²šê½ƒ ì¢…ì¸ì´â™¥â™¥â™¥â™¥â™¥ ì¢…ì¸ì•„ ê²½ìˆ˜íš½ì•„ íŒ” ì™œ ë“¤ì—¬ë‹¤ ë³´ëŠ”ê±´ì§€ ëˆ„ë‚˜í•œí…Œë„ ì•Œë ¤ì¤˜~ 8ã…8 #ê²½ìˆ˜ #ì¢…ì¸ http://t.co/ZXMEthA3UA http://t.co/7CAnCyOoou httpâ€¦"""
0.0,"""@ms_lhjung kamu kan enaenanya sm aki trus/?"""
0.0,"""@tom_stopstop @SUPER_STAR_5 www æ°¸æ¾ã®æ‹ãƒãƒŠã«ã¯ã„ã¤ã‚‚å‡ºã¦ãã¾ã™ã­ï¼ ã„ã„ã­ã‡ï½—"""
0.0,"""RT @munenemuimda: ì¡´ì˜ë‹˜ì´ ì—°ì„±ì´ ì¢€ ê·€ì°®ì„ ìˆ˜ë„ ìˆìŠµë‹ˆë‹¤. ì¡´ì˜ë‹˜ì´ ì—°ì„± ëŒ€ì‹  ì†Œë¹„ë§Œ í•  ìˆ˜ë„ ìˆìŠµë‹ˆë‹¤.  í—ˆë‚˜ ë‚´ ì¥ë¥´ ì¡´ì˜ë‹˜ë“¤ì€ ê·¸ë¦¬í•˜ì…”ì„  ì•„ë‹ˆë©ë‹ˆë‹¤. http://t.co/z8bdTDpox8"""
10.658987637360154,"""HOLIDAY INN CLUB VACATIONS CAPE CANAVERAL BEACH RESORT FORMERLY RON JON CARIBE - Full readâ€¦ http://t.co/iyzeVfpgUE http://t.co/OVvgUgqvHF"""
0.0,"""RT @koukosei_ziten: ä»Šå¹´ã®å¤ã“ãã¯ æµ´è¡£ç€ã¦å¥½ããªäººã¨ èŠ±ç«è¡ŒããŸã„ğŸ†ğŸ’“ã£ã¦äººRT http://t.co/XJZ9l72bgC"""
45.27726167125287,"""RT @magicalarry_: 'Calum cared about his bestfriend more than his burnt arm'  FRIENDSHIP GOALS   #GETWELLSOONCALUM"""
0.0,"""Bee Gees - Tragedy http://t.co/AlJaJuS4ZQ #KVGIx #nowplaying #listenlive"""
0.0,"""RT @TypowaFunGirl: Atychifobia - poczucia, Å¼e nie jesteÅ›my wystarczajÄ…co dobrzy, by byÄ‡ w zwiÄ…zku z drugÄ… osobÄ…  wszystko jasne  juÅ¼ wiem nâ€¦"""
97.72885523945384,"""@Laporttila yesss better than this year's"""
0.0,"""RT @LeMasculiste: "approche lui" "touche lui" http://t.co/Tp90GRkdsB"""
64.19606722456929,"""RT @armani: Man of The Year @CalvinHarris in #EmporioArmani on the @GlamourMagUK cover. Shot by Gavin Bond. http://t.co/oLL9bhsh9G"""
0.0,"""RT @cf_marinagranc: @MarinaCalvo_Cai #MarinaCalvoCCME igual que yo"""
0.0,"""RT @mas__yamazaki: é¦–ç›¸å‘¨è¾ºãŒé€²ã‚ã‚‹å®‰ä¿æ³•åˆ¶ã‚’æ‰¹åˆ¤ã™ã‚‹ã¨ã€Œä¸­å›½ã«ã©ã†å¯¾å‡¦ã™ã‚‹ã®ã‹ã€ç­‰ã€è„…ã—ã®ã‚ˆã†ãªè«–ç†ã‚’æ›¸ã„ã¦ãã‚‹äººãŒã„ã‚‹ãŒã€è«–ç†ãŒé€†ã ã‚ã†ã€‚æˆ¦äº‰ã‚„ç´›äº‰ã«å½“äº‹è€…ã¨ã—ã¦å¯¾å‡¦ã™ã‚‹èƒ½åŠ›ãŒæ¬ è½ã—ã¦ã„ã‚‹ä¸Šã€ãã®æ¬ è½ã™ã‚‰è‡ªè¦šã—ãªã„ã€Œæ”¿åºœã€ã«å…¨æ¨©å§”ä»»ã™ã‚Œã°ã€ã¾ãŸå‰å›ã¨åŒæ§˜ã€â€¦"""
0.0,"""RT @stonerpitavel69: quero-te tanto http://t.co/mqvZNDrW12"""
0.0,"""RT @SafvetS: Abdullah GÃ¼l = ErdoÄŸan + Ãœslup"""
0.0,"""@DougaNiconico ãŠã‚„ã™ã¿ãªã•ã„ã€@hima_jln @366618ã•ã‚“ã€‚æ˜æ—¥ã‚‚è‰¯ã„æ—¥ã«ãªã‚‹ã¨è‰¯ã„ã§ã™ã­ï¼"""
112.017493356321,"""All is vane , unless the Spirit of the Holy One comes down, brethren pray and Holy Manna will be gathered all around .."""
0.0,"""æœ¬å½“ã¯æœã®å…«æ™‚åŠã§ã™"""
0.0,"""ç›¸äº’ãƒ•ã‚©ãƒ­ãƒ¼ã§ãã‚‹äººã„ã¾ã›ã‚“ã‹ï¼ŸPCã‚²ãƒ¼ãƒ ã®è©±ãŒã—ãŸã„äººã€çµ¡ã¿ã¾ã›ã‚“ã‹ï¼ŸãŠæ°—è»½ã«ãƒ•ã‚©ãƒ­ãƒ¼ã—ã¦ãã ã•ã„ï¼"""
78.45367226793975,"""RETWEET IF U WANT MALUM TO GET WELL SOON. LOVE YOU"""
0.0,"""@KuMei0517  ç—›ã¿ã¯ã‚‚ã†ãªã„ã‹ãª"""
0.0,"""é‡ã€…åŸå®¶ã¯ãƒ‘ãƒ³8æšåˆ‡ã‚Šæ´¾ã¨ã„ã†è©±ã€è¥¿æ—¥æœ¬ã®äººé–“ã«ã¨ã£ã¦ã¯ã€Œãã‚“ãªã®ã­ãƒ¼ã‚ˆwã€ã£ã¦ã„ã†ã‚®ãƒ£ã‚°ã«ãªã£ã¦ã—ã¾ã†"""
70.32666907778062,"""Also in the CR - beben-eleben: When I was younger, I remember watching two drops of rain roll down window... http://t.co/JOi3XcpKfx"""
0.0,"""è‡ªåˆ†ã®æ€ã„ã¨ã¯é–¢ä¿‚ãªãã€ãƒ™ãƒ«ãƒªã‚’ãã®æ°—ã«ã•ã›ã‚‹ãŸã‚ã«ã‚«ãƒ¼ãƒ’ãƒ«ã®ã“ã¨ã‚’æ•¢ãˆã¦è¨€åŠã™ã‚‹å§«æ§˜ã€‚å¤§äººã®è¡Œç‚ºã‚‚å¤§æ¦‚ã«ã€‚ #gãƒ¬ã‚³"""
0.0,"""æµ®ä¸Š"""
0.0,"""@syrocker0326 æ¥½ã—ã¿ã !!!!"""
0.0,"""@ricco_dngnrnp ãŠè…¹ç©ºã„ãŸğŸ’¢ğŸ’¢ğŸ’¢ğŸ’¢"""
0.0,"""Ø§Ù„Ù„Ù‡Ù… Ø¨Ø§Ø±Ùƒ Ù„ÙŠ ÙÙŠ ÙˆÙ„Ø¯ÙŠ ÙˆÙ…Ø§Ù„ÙŠØŒ ÙˆØ¨Ø§Ø±Ùƒ Ù„ÙŠ ÙÙŠÙ…Ø§ Ø£Ø¹Ø·ÙŠØªÙ†ÙŠ http://t.co/7ZcixkUJFb"""
0.0,"""ç—…æ°—ãªã®ã‹ï¼Ÿ"""
0.0,"""éŸ³ä¹: ã€Shawn Mendesã€‘Stitches http://t.co/mmgvtzqZI8"""
0.0,""""Masakit malamang hindi ka nya mahal.""""
0.0,"""@satorlappu å®®åŸã«ã‚ã‚‹ã‚ˆãƒ¼ ã‚‚ã£ã¨è¨€ã†ã¨é‰„é“åšç‰©é¤¨é§…ã®è¿‘ã"""
0.0,"""@emi0419emi  é£Ÿã¹ã£ã·ã‚Šé£²ã¿ã£ã·ã‚ŠãŒã‚ˆã‚ã—ãã¦â™¡"""
0.0,"""ã‚ã¨ã§ã‚­ãƒ£ã‚¹ã§ããŸã‚‰ã—ãŸã„ãªãã¨æ€ã£ã¨ã‚Šã¾ã™"""
0.0,"""RT @ggggg456889: http://t.co/SElpTWNi4h"""
0.0,"""RT @wro0o0d000: ã…¤ã…¤ã…¤ã…¤ã…¤ã…¤ã…¤ã…¤   Ø¹Ø³Ø§ Ø§Ù„Ù„ÙŠ Ù…Ø¶Ø§Ù„ÙŠ ÙˆØ±Ø§Ø­ ÙˆØ§Ù‚ÙØª Ø¨Ù‡ Ø§Ù„Ø§ÙŠØ§Ù… ÙŠØ¹ÙˆÙ‘Ø¯ Ø¹Ù„ÙŠ ÙˆÙ„Ø§ Ø¥Ù†  Ø·ÙˆØ§Ø±ÙŠÙ‡Û ØªØªØ±ÙƒÙ†ÙŠ ğŸ¼ğŸŒ¸."""
0.0,"""@korosuketenten  ä»Šæ—¥ãƒ’ãƒ­ãƒˆã‹ï¼ï¼ï¼ ãã‚Œã¯ã¿ã‚ˆã¡ã‚ƒã‚“ãƒ¤ãƒã‚¤ãª(ï¼â–½ï¼œ)ãã‚ƒãƒ¼â™ª"""
0.0,"""RT @alice_aiwa: à¸à¸²à¸£à¸„à¸´à¸”à¸–à¸¶à¸‡à¸¡à¸²à¸à¹† à¸™à¸µà¹ˆà¸–à¸·à¸­à¹€à¸›à¹‡à¸™à¸­à¸²à¸à¸²à¸£à¸—à¸²à¸‡à¸ˆà¸´à¸•à¸¡à¸±à¹‰à¸¢"""
0.0,"""@3jsb_GUN_CHAN_   ãƒ•ã‚©ãƒ­ãƒ¼ã—ãŸ ğŸ˜³ğŸ˜³ğŸ’“"""
23.549937882892202,"""Anyone at tamp ?"""
0.0,"""ã€Œã‚ã€ãŸã€ã—ã€ã¾ã€ãŠã€ã†â€¦ã€(é­”ç‹ã®ãƒ•ã‚­ãƒ€ã‚·ã‚’ä½œã£ã¦ã„ã‚‹ã‚ˆã†ã )"""
93.61342815884888,"""RT @AirForce_Carl: ex-royal marine with no family has died with no one to attend his funeral. Please Retweet and Share for Roger ğŸ‡¬ğŸ‡§ RIP httâ€¦"""
17.438792686396997,"""RT @RunisMedia1: @MissUgandaWorld @FINAFRICA @EntUganda @danmumbere let's rock them"""
43.12151659942451,"""RT @Pause_Online: So much street stylers attended the #PAUSELCM presentation. Photos on our site tomorrow! #LCM http://t.co/wSA0TcAbU6"""
48.438325995673026,"""JDSFDSJKASM OKAY TOO MUCH HOPE"""
6.695395046425219,"""Les repas de famille c'est plus ce que c'Ã©tait."""
0.0,"""#Skin minecraft ÑĞ½Ğ´ĞµÑ€Ğ¼ĞµĞ½ ÑĞºĞ°Ñ‡Ğ°Ñ‚ÑŒ Ğ±ĞµÑĞ¿Ğ»Ğ°Ñ‚Ğ½Ğ¾ Ğ´Ğ»Ñ 1.5.2"""
0.0,"""RT @rob_sku: Skra Warszawa awansowaÅ‚a do ekstraligi @SportowaW  @wawa_sportpl wiÄ™cej na  http://t.co/nDHHxfq2PP http://t.co/E27wEwwVI0"""
0.0,"""Ya millet gÃ¼nde 1 saat spor yapÄ±yor.Ben geÃ§en mekik Ã§ekeyim dedim uzaninca uyuya kalmisim"""
0.0,"""51- #MissYouFarrahRedTour ğŸ’¥"""
0.0,"""#Ğ˜Ğ³Ñ€Ğ°Ñ‚ÑŒ Ğ² minecraft Ğ¿Ğ¾ ÑĞµÑ‚Ğ¸ Ğ±ĞµĞ· Ñ€ĞµĞ³Ğ¸ÑÑ‚Ñ€Ğ°Ñ†Ğ¸Ğ¸"""
0.0,"""Ø§Ø¬Ù€Ù€Ù€Ù€Ù€Ø¹Ù€Ù€Ù€Ù€Ù€Ù€Ù„ Ø­Ù€Ù€Ù€Ø³Ù€Ù€Ù€Ù€Ù€Ù€Ù€Ø§Ø¨Ù€Ù€Ù€Ù€Ùƒ ØµÙ€Ù€Ø¯Ù‚Ø© Ø¬Ù€Ù€Ù€Ø§Ø±ÙŠÙ€Ù€Ù€Ø© ÙÙ€ÙŠ Ø­ÙŠÙ€Ø§ØªÙ€Ùƒ Ùˆ Ø¨Ø¹Ø¯ Ù…Ù…Ø§ØªÙ€Ù€Ùƒ Ù…Ø¹ ØºØ±Ø¯Ù„ÙŠ Ø¨Ø§Ù„Ø®ÙŠØ± ..Ø§Ø´Ù€ØªØ±Ùƒ Ù…Ø¹Ù†Ø§ Ø§Ù„Ø§Ù† http://t.co/UTh2slyElM"""
1.254697371426043,"""RT @Uaoze: Los 8 concejales del @PSOEADRA #ColorPSOE @Pikerva11 @EsAlcala_ @Eva__Quintana @Adrianperez_7 #Paco #Soraya #Paco http://t.co/nIâ€¦"""
0.0,"""ã¶ã‚Šã£ã“ã‹â€¦"""
38.188170897769695,"""RT @johnspatricc: â†’ http://t.co/57DehSjgCl If Stephen A Smith has issues with Steve Kerr/Mark Jackson coverage, he #SteveSmith  460 http://â€¦"""
0.0,"""@MoaningBiebah fb?â™¡"""
0.0,"""RT @Seiyuu_Trivia: ì½”ë‹ˆì‹œ ì¹´ì¸ ìœ í‚¤ã€Œì´ì‹œë‹¤ ìƒ ìš”ì¦˜ ì˜¨í™”í•´ì¡Œë‹¤êµ¬ìš”. ë…¹ìŒí˜„ì¥ì—ì„œ ëª¨ë‘ë‘ ê°™ì´ ëŒ€í™”ë¥¼ í•˜ê³  ìˆìœ¼ë‹ˆê¹Œ. ì´ì‹œë‹¤ ìƒ ë¶„ìœ„ê¸°ê°€ ë‹¬ë¼ì¡Œë‹¤ê³  ìƒê°í–ˆë˜ã€ ì´ì‹œë‹¤ ì•„í‚¤ë¼ã€Œíˆ­ í„¸ì–´ë†“ê³  ë§í•˜ìë©´ ì½”ë‹ˆì‹œêµ°ì´ ìˆëŠ” ë…¹ìŒí˜„ì¥ì´ë‹ˆê¹Œ. ë‹¤ë¥¸ í˜„ì¥â€¦"""
0.0,"""RT @Lukpad_exo: à¹€à¸ªà¸µà¸¢à¸‡à¸«à¸±à¸§à¹€à¸£à¸²à¸° à¸¥à¸­à¸‡à¸”à¸¹ #EXO à¸šà¹ˆà¸­à¸¢à¹†à¸ªà¸´ à¸•à¸´à¹‹à¸¡à¸§à¹ˆà¸²à¸ªà¸™à¸¸à¸à¸™à¸°à¸•à¸¥à¸à¸”à¹‰à¸§à¸¢ à¸•à¸´à¹‹à¸¡à¸”à¸¹à¸šà¹ˆà¸­à¸¢ #LoveMeRight à¸–à¸–à¸–à¸–à¸–"""
68.90132764545277,"""@FizzySmileKate @Maja_Zwolsman @lezziejo ..I'll no doubt have some nightmares with those images floating around my head.ğŸ˜§ğŸ˜±ğŸ˜"""
13.18917745739855,"""Ä°ngiliz DÄ±ÅŸiÅŸleri'nden 'TÃ¼rkiyeâ€™ye gitmeyin' uyarÄ±sÄ± http://t.co/4p5WEbUulp via @solhaberportali"""
33.736650108975745,"""101 Ways To A Six Figure Income As A Real Estate Agent Toolkit: New Video Pitch Page. Real Estate Agent Marketingâ€¦ http://t.co/IDKmilZIH5"""
0.0,"""RT @HELL_HUESOS: Yo si dejo que @RondaRousey me rompa la madre http://t.co/XcfHdvYHJb"""
0.0,"""RT @nhk_news: åŒ—æœé®® æ—¥æœ¬æµ·ã¸çŸ­è·é›¢ãƒŸã‚µã‚¤ãƒ«ï¼“ç™ºç™ºå°„ http://t.co/xhEPJldCFP #nhk_news"""
0.0,"""@moekappaa ã¾ã ã¾ã ãŠã‚‹ã‚ˆâ™¡åå¤å±‹ã«ã¯ç«æ›œæ—¥ã®æœå¸°ã‚‹(Â´ï½¥_ï½¥`)"""
0.0,"""RT @JeabWattana: à¸¡à¸±à¸™à¹„à¸¡à¹ˆà¹„à¸”à¹‰à¹à¸„à¹ˆà¸ªà¸´à¹‰à¸™à¸ªà¸¸à¸”  à¸¡à¸±à¸™à¸¡à¸µà¸à¸²à¸£à¹€à¸£à¸´à¹ˆà¸¡à¸•à¹‰à¸™à¹ƒà¸«à¸¡à¹ˆà¸£à¸­à¸­à¸¢à¸¹à¹ˆ"""
26.48250753804426,"""RT @mahobili: When mom announces aalu waalay parathay http://t.co/6bN7IukHH3"""
0.0,"""ã‚ã‚‹ã¨ãã‚“ã•ã‚“çŸ­ããªã£ãŸã®ï¼Ÿ"""
0.0,"""RT @OPendant: @yorimichidog ã‚ãƒ¼ã„ http://t.co/f0gyfI77rM"""
100.74780387769553,"""@JeriferCruz for once in your life. Support me hahaha"""
0.0,"""RT @lucky_jp: ä¿ºæ­¦é›„å¸‚æ°‘ã˜ã‚ƒãªãã¦å¿ƒåº•ã‚ˆã‹ã£ãŸã‚"""
0.0,"""RT @hamusoku: ãƒ‡ã‚£ã‚ºãƒ‹ãƒ¼ãƒ©ãƒ³ãƒ‰ã§æ‰‹ã‚’ã¤ãªãã€Œãšã£ã¨ä¸€ç·’ã€ã¨ã„ã†å¤¢ã®æ§˜ãªå…‰æ™¯ã«å…¨ä¿ºé”ãŒæ³£ã„ãŸ(;â–½;)ã€€:ã€€ãƒãƒ ã‚¹ã‚¿ãƒ¼é€Ÿå ±  http://t.co/xy5oXOvbY4 @hamusoku http://t.co/MwXEHtqRHR"""
0.0,"""æ–°ç¨®ãƒˆãƒƒãƒ—10ã«å…¥ã£ã¦ãŸã‚“ã‹ã‚ã®ã‚¯ãƒ¢wwwã¾ã‚ã£ã¦ã‚‹www"""
45.692464596413096,"""RT @KyuzPump: Kyu looked at a male fan and sang Join Hands to him"""
75.35445381560221,"""@rachelemmaT I love you tooooo â¤ï¸"""
0.0,"""RT @0memSa: #ã˜ã‚ƒãŒã‚Šã“å¥½ããªäººãƒªãƒ„ã‚¤ãƒ¼ãƒˆ http://t.co/NkzvhimRbE"""
0.0,"""ã†ãŠãŠãŠãŠãŠã„ãã¦ãˆ è¶…ã‚¯ãƒ©ãƒ–è¡ŒããŸã„ è¡ŒããŸã™ãã¦ã‚‚ã†æ­»ã‚“ã˜ã‚ƒã† å’ŒéŸ³ãã‚“ã«æŒ¨æ‹¶ç¾¨ã¾ã—ã„"""
0.0,"""RT @aski_paleblue: @evmist_hbk é…’ãŒ25åˆ†é–“ã‚´ãƒ­ãƒ³ã‚´ãƒ­ãƒ³ã—ã¦ã„ãŸã¨ã„ã†ã“ã¨ã«ã—ã¦ãŠã“ã†ã€‚"""
0.0,"""@miyoshisan918 ã‚ã‚ï½ï½ï½ãŠã‚ã§ã¨ã†ã”ã–ã„ã¾ã™^0^ï¼ï¼ï¼"""
0.0,"""RT @x47zjvrq15ms: è‡ªåˆ†ã§ã¯ä½œã‚Œãªã„ã‹ã‚‚ã—ã‚Œãªã„ã‘ã© ã“ã‚“ãªã‚“ã—ãŸã„ã­ã‚“â™¥ http://t.co/9QVxEd8dRh"""
0.0,"""@quejosaponiente http://t.co/3WbDp4Ntyt"""
0.0,"""@shana_nrkr ãŠç–²ã‚Œæ§˜ã‹ã—ã‚‰ãï¼Ÿ"""
0.0,"""ãµãµ.ã†ã¾ã„ã€‚ http://t.co/ya9k9EVIFz"""
0.0,"""éŸ³æ¥½é€šã‚‚æ€ã‚ãšæ„Ÿå¿ƒï¼ å®Ÿã¯ã‚¹ã‚´ã„åæ›²ã°ã‹ã‚ŠãŒæµã‚Œã¦ã„ã‚‹ãƒ‰ãƒˆãƒ¼ãƒ«ã®åº—å†…BGM - ã‚¨ã‚­ã‚µã‚¤ãƒˆãƒ‹ãƒ¥ãƒ¼ã‚¹ http://t.co/ZiTVlOuacO @ExciteJapanã•ã‚“ã‹ã‚‰"""
0.0,"""ä»Šã ã‘ï¼"ã™ã”ã‚ãï¼²ï¼°ï¼§ã€€éµã¨é­”æ³•ã¨ãƒ«ãƒ¼ãƒ¬ãƒƒãƒˆ"ã®SRã‚­ãƒ£ãƒ©"ãªãªã¿"ã‚’äºˆç´„è€…é™å®šã‚¬ãƒãƒ£ã§GETï¼ ç·å›è»¢æ•°398478å›ï¼ï¼ #ã‚¢ãƒ—ãƒªå #äº‹å‰äºˆç´„å…ˆè¡Œã‚¬ãƒãƒ£ #äºˆç´„ãƒˆãƒƒãƒ—10 https://t.co/7xl6XZtfwx"""
0.0,"""Hanya Tuhan yang mengetahui masa depan kalian kalian semua"""
19.23368712817949,"""brb im gonna take a shower"""
55.513603982223295,"""RT @Independent: It's not illegal to be drunk on your front porch, US judges have confirmed http://t.co/punNDEzBG3 http://t.co/egMsBusqZu"""
0.0,""":|-- ,;RT MeAndMySayings: #StartTrialOfUsmanMobin Ø¬ÛŒØ³Û’ Ø¨Ø¬Ù„ÛŒ Ø¬Ø§ØªÛ’ ÛÛŒ ÛØ§ØªÚ¾ ÙˆØ§Ù„Ø§ Ù¾Ù†Ú©Ú¾Ø§ ÛŒØ§Ø¯ Ø¢ØªØ§ ÛÛ’ Ø§Ø³ÛŒ Ø·Ø±Ø­ Ú†ÛŒØ¦Ø±Ù…ÛŒÙ† Ù†Ø§Ø¯Ø±Ø§ Ú©ÛŒ Ø­Ø±Ú©ØªÛŒÚº Ø¯ÛŒÚ©Ú¾ Ú©Ø±ÛØ§ØªÚ¾ â€¦"""
0.0,"""YaÅŸasÄ±n beÅŸ kardeÅŸ tekrar ekranlarda"""
0.0,"""#Skyrim 1.9 Ğ¿Ğ°Ñ‚Ñ‡ ÑĞºĞ°Ñ‡Ğ°Ñ‚ÑŒ Ñ‚Ğ¾Ñ€Ñ€ĞµĞ½Ñ‚ http://t.co/FtVKCDL2Jd"""
0.0,"""ã‚¹ãƒ—ãƒ©ãƒˆã‚¥ãƒ¼ãƒ³ã£ã¦ã‚µãƒ¼ãƒ‰ã§ã—ã‹ã‚‚é–‹ç™ºã¯æµ·å¤–ã ã¨å‹æ‰‹ã«æ€ã£ã¦ãŸãŒã€é–‹ç™ºã‚‚ä»»å¤©å ‚ã ã£ãŸã®ã‹...æ„å¤–"""
76.59597022980519,"""RT @ButtersPerry: sorry for not being active...dm spree today? retweet!"""
0.0,"""RT @xBaesic: Kim kardashian barefaced (Exposed) ğŸ˜±ğŸ˜± http://t.co/NrVcbgtwkS"""
0.0,"""RT @xBaesic: Kim kardashian barefaced (Exposed) ğŸ˜±ğŸ˜± http://t.co/NrVcbgtwkS"""
0.0,"""RT @xBaesic: Kim kardashian barefaced (Exposed) ğŸ˜±ğŸ˜± http://t.co/NrVcbgtwkS"""
29.98519635677794,"""RT @zouirinialI: If you've my notifications on & RT all countdown tweets then you'll gain per day minimum 600-700 followers!ğŸ"""
56.260881867736586,"""RT @deveoh: What Some People In Indonesia Do With Their Dead Is So Shocking & Bizarre http://t.co/qYDSfmR3AP http://t.co/y939f1tY0C"""
42.25797983870923,"""RT @WeAlIlKnowA: We all know a bitch named Demi"""
8.069736153445781,""""Me siento cerca de todas las realidades de AndalucÃ­a" @_susanadiaz #SusanaPresidenta"""
89.161547566587,"""RT @Shmee150: The FXX-K looks and sounds soo amazing! http://t.co/4ZPyx0wHfe  by Kenshin Levagabond http://t.co/1iToT6nikI"""
87.69703378508495,"""RT InstagramDeals "I will add more then 2000- HIGH QUALITY Facebook Likes/Shares/Followers only for $15 â€¦ http://t.co/aW7mkWzLNB""""
0.0,"""ã¤ã„ã«è˜‡èŠ³ãã‚“ã‚’Rã«ã§ããŸãã€‚ã†ã‚Œã—ã„ï¼ï¼ï¼"""
0.0,"""RT @axaxax2235: ï»³ïº ïº·ïºï»›ï»´ïºÙ‹ ï»«ï»¢ Ø§ï»Ÿïº¤ï»´ïºØ© Ùˆïº¿ï»´ï»˜ï»¬ïº .       Ø£ïº‘ïº¸ïº® ï»“ïº®Ø¨Ùƒ  ï»—ïºª Ø£ïº‘ïºÙ† Ø§ï»Ÿï»¤ï»¨ï»¬ïº ïº. ï»£ï»¦ ÙŠØªÙ‚ Ø§Ù„Ø±Ø­Ù…Ù† Ø¬Ù„ ïºŸï»¼Ù„Ù‡ .       ÙŠØ¬Ø¹Ù„ ï»Ÿï»ª ï»£ï»¦ ÙƒÙ„ Ø¶ÙŠÙ‚ ï»£Ø®Ø±Ø¬Ø§ ğŸŒ¹"""
39.90234441618313,"""Very #funny #movie of a #dog #teaching us how to have #safe #sex !! - http://t.co/dctBRZ8E6u"""
0.0,"""knock knock"""
17.659028184586585,"""RT @umitozatt76: 20-30 yÄ±l sonra Ã§ocuklarÄ±nÄ±z veya torunlarÄ±nÄ±z 2015 ÅŸampiyonluÄŸunu sorarsa bu fotoÄŸrafÄ± gÃ¶sterirsiniz http://t.co/xgqx5o7Hâ€¦"""
0.0,"""å†·ã‚„ã—ä¸­è¯ä½™è£•"""
61.79049847605029,"""I got a brand new pair of roller skates! Oh wait... Boots. New boots. I still love them even if theyâ€¦ https://t.co/V6qg9XSVJX"""
1.1984900896581534,"""RT @jsuiskhalil: La barbe sur une meuf Ã§a fait la diff"""
0.0,"""@FeebleKaixabot ç¥é“è²´ä¹…ï¼"""
0.0,"""RT @telavi93: ê¹€ì–´ì¤€ì˜ íŒŒíŒŒì´ìŠ¤(Papa is) ë©”ë¥´ìŠ¤ "Dë³‘ì›ê³¼ ZëŒ€í†µë ¹"  http://t.co/3dMVwC8yAa ê¹€ìš©ìµ ì˜ì› "ì°¸ì—¬ì •ë¶€ëŠ” ì§ˆë³‘ê´€ë¦¬ì™€ ëŒ€ì‘ì— ì ê·¹ì ì¸ ì •ë¶€ì˜€ê³  ê·¸ë¡œ ì¸í•´ ì‚¬ìŠ¤ë•Œ ì˜ ë§‰ì•„ë‚¼ìˆ˜ ìˆì—ˆë‹¤" http://t.câ€¦"""
13.350665840625858,"""Jomblo is simple, gausah capek-capek nungguin kabar dari si pacar, gausah ribet-ribet sms pacar buat kasih kabar. Have be fun :)"""
54.958144841228474,"""NEW 2.4GHz 1600dpi digital wireless optical mouse for PC Mini USB Free Shipping! - Full reâ€¦ http://t.co/6IpEPNWzpZ http://t.co/LQ75qXR8mM"""
0.0,"""@tayaaaman ãŠç–²ã‚Œæ§˜ã§ã™(ï½€ï½¥Ï‰ï½¥Â´)ã‚"""
0.0,"""@rc_joohyun   Waktu lama untuk mendandani gadis kecil yang pasrah saja selama Marlene menyisirinya hingga mengganti baju yang dikenakan --"""
0.0,"""RT @SplatoonJP: æŠ•ç¥¨ç‡ã¯ã”ã¯ã‚“ãƒãƒ¼ãƒ 57.3%ã€ãƒ‘ãƒ³ãƒãƒ¼ãƒ 42.7%ã§ã—ãŸã€‚ å¤šãã®ãŠå®¢æ§˜ã‹ã‚‰ã”æ„è¦‹ã‚’é ‚æˆ´ã—ã¦ãŠã‚Šã¾ã™ã€‚ ä»Šå¾Œã€æ”¹å–„ã«åŠªã‚ã¾ã™ã®ã§ã€å¼•ãç¶šãã‚¹ãƒ—ãƒ©ãƒˆã‚¥ãƒ¼ãƒ³ã‚’ã”æ„›é¡§ã®ã»ã©ã€ã‚ˆã‚ã—ããŠé¡˜ã„ã„ãŸã—ã¾ã™ã€‚"""
0.0,"""RT @TNAMCOT: à¸­à¸”à¸µà¸•à¸à¸£à¸¡à¸§à¸±à¸‡à¸œà¸¹à¹‰à¹ƒà¸«à¸à¹ˆà¸à¹‰à¸¡à¸à¸£à¸²à¸šà¹€à¸—à¹‰à¸²à¸šà¸´à¸”à¸²à¸«à¸¥à¸±à¸‡à¸•à¸£.à¸™à¸³à¸•à¸±à¸§à¸„à¹‰à¸™à¸šà¹‰à¸²à¸™à¸¢à¹ˆà¸²à¸™à¸à¸£à¸°à¸£à¸²à¸¡3à¸¢à¸¶à¸”à¸ªà¸¡à¸¸à¸”à¹€à¸‡à¸´à¸™à¸à¸²à¸-à¸­à¸·à¹ˆà¸™à¹†à¸£à¸§à¸¡10à¸¥à¹‰à¸²à¸™ â–ºhttp://t.co/nllA6ttTLF http://t.câ€¦"""
0.0,"""ãˆï¼ï¼Ÿã€€Vitaã§å‡ºã‚‹ã®ï¼Ÿã€€ã„ã¤ã‹ã‚„ã‚ã†ã‚„ã‚ã†ã¨æ€ã£ã¦ã¦ã€PSPã®ç©ºã®è»Œè·¡ã‚·ãƒªãƒ¼ã‚ºï¼“ä½œç©ã‚€ã§ã‚‹ç§ã¯ã©ã†ãªã‚‹ï¼Ÿï¼Ÿï¼Ÿ"""
0.0,"""RT @fiyyJALAL: Terdiam kejap ğŸ˜£ masyaAllah ğŸ˜­ http://t.co/C8502vza9O"""
9.951951861751736,"""RT @sdaykh_97: à¹€à¸à¸¥à¸‡ LOVE ME RIGHT à¸—à¹ˆà¸­à¸‡à¸®à¸¸à¸„à¸—à¸µà¹ˆà¹€à¸›à¹‡à¸™à¹€à¸ªà¸µà¸¢à¸‡à¸›à¸£à¸šà¸¡à¸·à¸­ à¸­à¸¢à¸²à¸à¹ƒà¸«à¹‰à¸—à¸¸à¸à¸„à¸™à¸›à¸¥à¹ˆà¸­à¸¢à¹‚à¸—à¸ªà¸±à¸šà¹à¸¥à¹‰à¸§à¸›à¸£à¸šà¸¡à¸·à¸­à¸•à¸²à¸¡à¸ˆà¸±à¸‡à¸«à¸§à¸° à¹€à¸à¸¥à¸‡à¸ˆà¸°à¸ªà¸™à¸¸à¸à¸¡à¸²à¸à¸¨à¸¥à¸›.à¸ˆà¸°à¸­à¸¶à¹‰à¸‡à¹à¸”à¸ à¸Šà¹ˆà¸§à¸¢à¹†à¸à¸±à¸™à¸™à¸°â€¦"""
0.0,"""ã‚ã‚“ãªæ„Ÿã˜ã®ãŒå‹é”ãªã‚“ã˜ã‚ƒãªã„ã ã‚ã†ã‹ã€‚ã‚ã‚“ãªã©ã†ã§ã‚‚ã„ã„ä¼šè©±ã‚’ã•ã‚‚é’æ˜¥ã—ã¦ã„ã‚‹ã‹ã®ã‚ˆã†ã«ã€è©±ã—åˆãˆã‚‹ã®ãŒå‹é”ãªã®ã‹ã‚‚ã—ã‚Œãªã„ã€‚ä¿ºãªã‚‰é€”ä¸­ã§å™´ãå‡ºã—ã¦ã—ã¾ã£ã¦çµ¶å¯¾ç„¡ç†ã ã€‚ãªã‚“ã è¦ªãƒªã‚¹ãƒšã‚¯ãƒˆã£ã¦ã€‚ãŠå‰ã¯Jãƒ¼RAPã®äººã‹ã‚ˆã€‚ #bot"""
2.2882221285552555,"""@Austineloise mamaya ko nalang ikukuwento sayo sa text hehehe :))"""
84.13780262915219,"""RT @mcrhistfest: This day in 1919, Mancunian John Alcock set off on the 1st nonstop transatlantic flight with Arthur Whitten Brown http://tâ€¦"""
56.707825640381635,"""RT @zouirinialI: Follow honestly whoever retweets this https://t.co/U1YhWNhu4e & gain 400-500 new mutual follows!"""
40.5875805321723,"""#Twilight Ella Bella Ballerina and Swan lake (Ella Bella Ballerina Series) http://t.co/5juajk5lAg #BellaSwan"""
0.0,"""@Syo___Melo_0609  ã‚ã‚ã‚ã‚ã‚ã‚ã‚ã‚ã‚ã‚ã‚ãŸã£ãŸãƒ¼ãƒ¼ãƒ¼ Foooooooo!!!!!!!!ğŸ°ğŸ°ğŸ°ğŸ°ğŸ°ğŸ°ğŸ°ğŸ°"""
0.0,"""{ÙŠØ§ Ù…Ø¹Ø´Ø± Ø§Ù„Ø¬Ù† ÙˆØ§Ù„Ø¥Ù†Ø³ Ø¥Ù† Ø§Ø³ØªØ·Ø¹ØªÙ… Ø£Ù† ØªÙ†ÙØ°ÙˆØ§ Ù…Ù† Ø£Ù‚Ø·Ø§Ø± Ø§Ù„Ø³Ù…Ø§ÙˆØ§Øª ÙˆØ§Ù„Ø£Ø±Ø¶ ÙØ§Ù†ÙØ°ÙˆØ§ Ù„Ø§ ØªÙ†ÙØ°ÙˆÙ† Ø¥Ù„Ø§ Ø¨Ø³Ù„Ø·Ø§Ù†} [Ø§Ù„Ø±Ø­Ù…Ù†:33] http://t.co/BkzopyXVzy"""
0.0,"""ãƒ¢ãƒƒãƒãƒœãƒ¼ãƒ«â™ª ç¾å‘³ã—ã„ã§ã™â™ª http://t.co/kYEyUFdBmm"""
0.0,"""RT @alkolikabi: 4 dakikalÄ±k ÅŸarkÄ± seni alÄ±r gÃ¶tÃ¼rÃ¼r, aÄŸzÄ±nÄ± burnunu kÄ±rar geri getirir."""
0.0,"""@WorldOfJacinda YO AQUÃ COMO SIEMPRE, MUHE! *le abrasa jard para que no llore*"""
1.7574722467427402,"""RT @Expo2015Milano: A. Mularoni "San Marino non vuole essere un paese ignoto, ma comunicare tutte le sue eccellenze a #Expo2015" http://t.câ€¦"""
0.0,"""@slmbenous"""
0.0,"""RT @___oohsehun: EXO-L Kimjongin  http://t.co/SD8pHRuiRJ"""
72.0235966917245,"""New McLaren nose passes crash test #formula1 #feedly http://t.co/t4uQvF8NTC"""
0.0,"""@AriffVkot tali apa tali? Haha"""
0.0,"""RT @Lukpad_exo: à¹€à¸ªà¸µà¸¢à¸‡à¸«à¸±à¸§à¹€à¸£à¸²à¸° à¸¥à¸­à¸‡à¸”à¸¹ #EXO à¸šà¹ˆà¸­à¸¢à¹†à¸ªà¸´ à¸•à¸´à¹‹à¸¡à¸§à¹ˆà¸²à¸ªà¸™à¸¸à¸à¸™à¸°à¸•à¸¥à¸à¸”à¹‰à¸§à¸¢ à¸•à¸´à¹‹à¸¡à¸”à¸¹à¸šà¹ˆà¸­à¸¢ #LoveMeRight à¸–à¸–à¸–à¸–à¸–"""
0.0,"""RT @tbhspainaf: Rt si eres fangirl Fav si no"""
0.0,"""RT @5197Hiko: ã‚ã®ï½å‹‰å¼·ã™ã‚‹æ„å‘³ã‚ã‹ã‚“ãªããªã£ã¦ã¾ã„ã‚Šã¾ã—ãŸ"""
0.0,"""RT @ArawArawKowts: Dati, Kaibigan mo si crush ğŸ˜ Ngayon, Mag kaibigan padin kayo ğŸ˜‚ğŸ™Š"""
0.0,"""@fukuwata812 ç„¦ã‚‰ã™ãªã‚ˆ(ç¬‘)ã¡ã‚ƒã‚“ã¨æ•™ãˆã‚ã‚ˆãª(ç¬‘)"""
0.0,"""RT @DionJack2: De mieux en mieux. En Autriche, les sociaux-dÃ©mocrates s'allient avec l'extrÃªme-droite. http://t.co/sIJ6XvxYI3"""
0.0,"""é–“é•ãˆã¦å°æ‰‹æŒ‡è¡Œãä¹—ã£ã¦ã—ã¾ã£ãŸã€‚"""
2.3156644203196795,"""RT @massimo_aletti: PRELIEVO FORZOSO DAI (NOSTRI) CONTI CORRENTI: ECCO COME FUNZIONA IL NUOVO FURTO DI STATO http://t.co/643OqunV2G"""
56.320240641964354,"""@DatBloodyWanker ill draw sometin similar to this :D"""
0.0,"""RT @Lukpad_exo: à¹€à¸ªà¸µà¸¢à¸‡à¸«à¸±à¸§à¹€à¸£à¸²à¸° à¸¥à¸­à¸‡à¸”à¸¹ #EXO à¸šà¹ˆà¸­à¸¢à¹†à¸ªà¸´ à¸•à¸´à¹‹à¸¡à¸§à¹ˆà¸²à¸ªà¸™à¸¸à¸à¸™à¸°à¸•à¸¥à¸à¸”à¹‰à¸§à¸¢ à¸•à¸´à¹‹à¸¡à¸”à¸¹à¸šà¹ˆà¸­à¸¢ #LoveMeRight à¸–à¸–à¸–à¸–à¸–"""
0.0,"""æ”»æ®»ã®ãƒ†ãƒ¼ãƒã‚²ãƒƒãƒˆå‡ºæ¥ãŸï¼¼(^o^)ï¼"""
0.0,"""@kou_mrnk  è¡Œã‘ã°ã‚ˆã‹ã£ãŸï¼¿|ï¿£|â—‹"""
0.0,"""@Seigold05 è‰¯ã„ã‚ˆãª"""
0.0,"""@mononomonomono @parisuokamoto æ•™ãˆã‚’è«‹ã„ãŸã„ã­"""
0.0,"""RT @FZPtR87lKsJfra7: @daisukekawakami å›æ´¥ã®å¤§ã¡ã‚ƒã‚“ã§ãƒ¼ã™ğŸ‘ http://t.co/ECilzvNwLI"""
0.0,"""@pgalrwi æ¥é€±ãªã‚“ã‹ã‚ã£ãŸã‹ã„ï¼Ÿ"""
0.0,"""Ù„Ø§ØµØ­Ø§Ø¨ Ø§Ù„Ø°ÙˆÙ‚ Ø§Ù„Ø±ÙÙŠØ¹ ÙÙŠÙ„Ø§ Ù„Ù„Ø¨ÙŠØ¹375Ù…Â²  Ø´Ù…Ø§Ù„ Ø§Ù„Ø±ÙŠØ§Ø¶ Ø­ÙŠ Ø§Ù„ÙŠØ§Ø³Ù…ÙŠÙ†26 Ø±Ù‚Ù… Ø§Ù„Ø¹Ø±Ø¶ :9560  http://t.co/0LgvSgA8ad 0536006677"""
0.0,"""RT @Lukpad_exo: à¹€à¸ªà¸µà¸¢à¸‡à¸«à¸±à¸§à¹€à¸£à¸²à¸° à¸¥à¸­à¸‡à¸”à¸¹ #EXO à¸šà¹ˆà¸­à¸¢à¹†à¸ªà¸´ à¸•à¸´à¹‹à¸¡à¸§à¹ˆà¸²à¸ªà¸™à¸¸à¸à¸™à¸°à¸•à¸¥à¸à¸”à¹‰à¸§à¸¢ à¸•à¸´à¹‹à¸¡à¸”à¸¹à¸šà¹ˆà¸­à¸¢ #LoveMeRight à¸–à¸–à¸–à¸–à¸–"""
0.0,"""RT @Ashton5SOS: http://t.co/IOz0WHgPn0"""
32.471000201149984,"""ä¸‰ä»£ç›® J Soul Brothers from EXILE TRIBEã€€ãƒˆãƒ¼ã‚¯part2 HEYï¼HEYï¼HEYï¼ 2015å¹´4æœˆ6æ—¥ https://t.co/BvUExETMax â˜…"""
33.38074471458149,"""one person followed me // automatically checked by http://t.co/xk5qbIyPu3"""
89.86241537572339,"""RT @BritishGQ: The best #streetstyle from day two of #LCM: http://t.co/kpwJ2yMgRw @oliver_cheshire http://t.co/L00YBZlNxd"""
0.0,"""ãƒ“ãƒ¥ãƒ¼ã‚¤ãƒ³ã‚°ã¯ãŠã‚ã£ãŸã‚ˆãƒ¼ï¼ã‚½ã‚¦ãƒ«ã¯ãƒˆãƒªãƒ—ãƒ«ã‚ã£ãŸã‚“ï¼Ÿ"""
0.0,"""@kloo2003 Ù…Ø³Ø§Ø¡ Ø§Ù„Ù†ÙˆØ±ğŸ‘ŠğŸ’Š"""
0.0,"""@fr34uk ãŠã£ã‘ãƒ¼ã‚ˆã‚ã—ããƒ¼"""
5.5116258103015845,"""Ø§Ù„Ø¹Ø¨Ø§Ø¯ÙŠ Ù…Ø³Ø¤ÙˆÙ„ Ø¹Ù† Ø³Ù„Ø§Ù…ØªÙ‡Ù… Ø¹Ø´Ø±Ø§Øª Ø§Ù„Ù…Ø¯Ù†ÙŠÙŠÙ† Ø§Ù„Ø¹Ø²Ù„ Ù…Ù† Ø§Ù„Ø³Ù†Ø© Ø§Ù„Ø¹Ø±Ø¨ ØªØ®ØªØ·ÙÙ‡Ù… Ù…ÙŠÙ„ÙŠØ´ÙŠØ§Øª Ø¥ÙŠØ±Ø§Ù†ÙŠØ© Ø¹Ù„Ù‰ Ø§Ù†Ù‡Ù… Ø¯Ø§Ø¹Ø´  https://t.co/GgLfd3EYN2 via @YouTube"""
0.0,"""ãƒ•ãƒ©ã‚¤ãƒ³ã‚°ã‚¬ãƒãƒ£ã§æœ€é«˜ãƒ¬ã‚¢åº¦ç²ã£ãŸã‚‹ã§? https://t.co/U759qUFpcY #ãƒ€ãƒƒã‚·ãƒ¥ #ãƒ•ãƒ©ã‚¬ãƒãƒ£"""
0.0,"""#ØªÙˆÙŠØª_Ø­Ø¯ÙŠØ« #ØµÙˆØ±Ø©  http://t.co/QS3iSD1eDB #ï·º"""
0.0,"""@naor2 ã‚„ã â€¦â€¦ç¾¨ã¾ã—ã„ã‚â€¦â€¦ç§ã‚‚è¡ŒããŸã„â€¦â€¦ã®ã§ã€æ„è­˜ã ã‘ãã“ã«é£›ã°ã—ã¦ãã‚‹â€¦â€¦"""
0.0,"""RT @ohmmiena: à¸Šà¸­à¸šà¸„à¸³à¸™à¸µà¹‰à¸‚à¸­à¸‡à¸—à¹ˆà¸²à¸™à¸à¸¸à¸—à¸˜à¸—à¸²à¸ªà¸¡à¸²à¸   "à¸¥à¸¹à¸à¸«à¸¡à¸²à¸¡à¸±à¸™à¸­à¸²à¸ˆà¹„à¸¡à¹ˆà¸¡à¸µà¹‚à¸­à¸à¸²à¸ªà¸•à¸­à¸šà¹à¸—à¸™à¸„à¸¸à¸“à¸à¹ˆà¸­à¹à¸¡à¹ˆ à¹à¸•à¹ˆà¸¥à¸¹à¸à¸«à¸¡à¸²à¸¡à¸±à¸™à¸à¹‡à¹„à¸¡à¹ˆà¹€à¸„à¸¢à¸—à¸³à¹ƒà¸«à¹‰à¸à¹ˆà¸­à¹à¸¡à¹ˆà¸•à¹‰à¸­à¸‡à¸™à¹‰à¸³à¸•à¸²à¸•à¸"   #à¸à¸¸à¸—à¸˜à¸—à¸²à¸ªà¸ à¸´à¸â€¦"""
0.0,"""æ•°æ—¥ãƒ©ã‚¤ãƒ³è¦‹ã¦ãªã„é–“ã«åŒ—æµ·é“ã®ãŠã˜ã•ã‚“è¿½ã„è©°ã‚ã‚‰ã‚Œã¦ã‚‹é¢ç™½ã„ã‹ã‚‰è¦‹å®ˆã£ã¦ã‚ˆ"""
0.0,"""@MohammedAAzzam   ÙŠØ¹Ø¬Ø¨Ù‡Ù… Ù‚ÙˆÙ„Ù‡ ÙŠ Ø´ÙŠØ® .."""
0.0,"""RT @merc_storia: ç¶šã„ã¦ã¯ã€å‹‡è€…ã«æ†§ã‚Œã¦ç›¾ã¨å‰£ã‚’è£…å‚™ã—ãŸã€å‹‡è€…ãƒã‚³ã•ã‚“ã®ç´¹ä»‹ãªã®ã ã‚ˆï½ãƒ½(oï½€ï½¥âˆ€ï½¥Â´)ï¾‰ ä¸€å¿ƒã«æœªæ¥ã¨å¸Œæœ›ã‚’è¦‹ã¤ã‚ã‚‹ã¤ã¶ã‚‰ãªç³ã‚’å¤±ã‚ãšã€ã‚„ãŒã¦è¨ªã‚Œã‚‹ã¨ã„ã†æš—é»’æ™‚ä»£ã€ä¹—ã‚Šè¶Šãˆã¦æ¬²ã—ã„ã„ãªã®ã ã‚ˆã­â€¦ã€‚ #ã«ã‚ƒã‚“ã“_ãƒ¡ãƒ«ã‚¹ãƒˆ_ã‚³ãƒ©ãƒœRTCP httpâ€¦"""
0.0,"""#KathNielAtGuillermoAwardsNight"""
57.09673983228809,"""I posted a new photo to Facebook http://t.co/UCgTN8yh7M"""
0.0,"""ãƒãƒ£ãƒ³ã‚°ãƒ³ã‚½ã‚¯ 2010ãƒ„ã‚¢ãƒ¼Ã—ç›´ç­†ã‚µã‚¤ãƒ³å…¥ã‚ªãƒ¼ãƒˆã‚°ãƒ©ãƒ•ãƒ•ã‚©ãƒˆ 2010å¹´ã‚¸ãƒ£ãƒ‘ãƒ³ãƒ„ã‚¢ãƒ¼ã®å…¬å¼ã‚°ãƒƒã‚ºã®ç›´ç­†ã‚µã‚¤ãƒ³å…¥ã‚Šã‚ªãƒ¼ãƒˆã‚°ãƒ©ãƒ•ãƒ•ã‚©ãƒˆã§ã™ã€‚å…¬å¼ã‚°ãƒƒã‚ºã®æœ¬ç‰©ã‚µã‚¤ãƒ³ã§ã™ï¼!ç¸¦35Ã—æ¨ª22ã§â€¦73 0ä»¶ http://t.co/ijytvzCnBk"""
0.0,"""RT @all_takasaka: ã“ã‚“ã°ã‚“ã¯âœ¨  ç¾åœ¨ç©ºãéƒ¨å±‹ãŒå‡ºæ¥ã¾ã—ãŸâ™«  ãƒ•ãƒªãƒ¼ã‚¿ã‚¤ãƒ ã‚‚å—ä»˜é–‹å§‹ã—ã¦ã„ã¾ã™ã‚ˆ(=ï¾ŸÏ‰ï¾Ÿ)ï¾‰  ã”æ¥åº—ãŠå¾…ã¡ã—ã¦ãŠã‚Šã¾ã™ğŸ¶"""
0.0,"""æ­»ã«ãŸã„ http://t.co/oCZjo34r3T"""
58.13856218984058,"""I for one won't be going to China http://t.co/MGMdvSO9xz"""
0.0,"""ä»Šå¹´è¦³ãŸã„æ˜ ç”»ã„ã£ã±ã„ã‚ã‚‹ãªã€œğŸ˜³èª°ã‹èª˜ã‚ã­ã°ğŸ’­ãªã‚“ãªã‚‰1äººã§ã‚‚è‰¯ã„ã‹ã‚‰è¡Œã“ã†ğŸƒğŸ» http://t.co/bbqPFqm1iT"""

0.0,"""@austinrocks0243 she's a b****"""
50.53778888933153,"""RT @Kirsten_STR: "He hath eaten me out of house & home he hath put all my substance into that fat belly of his"  H4 #ShakespeareSunday httpâ€¦"""
71.237210732787,"""RT @Inspire_Us: Choose to look on the bright side."""
0.0,"""To recolhendo a roupa uma hora dessas KKKK"""
0.0,"""https://t.co/yVQOerPtlt "Ù†Ù‚Ø¯Ù… Ù„ÙƒÙ… Ø§ÙØ¶Ù„ ÙˆØ§Ø±Ù‚Ù‰ Ø¹Ø±ÙˆØ¶ Ø´Ù…Ø§Ù„ Ø§Ù„Ø±ÙŠØ§Ø¶ ÙŠØ³Ø¹Ø¯Ù†Ø§ ÙˆÙŠØ´Ø±ÙÙ†Ø§ Ø§Ù„Ø±Ø¯ Ø¹Ù„Ù‰ Ø§Ø³ØªÙØ³Ø§Ø±ØªÙƒÙ… Ø¹Ù„Ù‰ Ø§Ù„ÙˆØ§ØªØ³ 0555444150 """"
0.0,"""@hE0qs6Pqqk0enVA  ã†ã‚“ï¼ä½•çµ„ãƒ¼ï¼Ÿç¬‘"""
0.0,"""RT @PRINCE_VIII: ğŸ˜ğŸ˜ğŸ˜ğŸ˜ğŸ˜ğŸ˜ https://t.co/fGb1iTtx8o"""
0.0,"""https://t.co/2gLnY6xNH8 "Ù†Ù‚Ø¯Ù… Ù„ÙƒÙ… Ø§ÙØ¶Ù„ ÙˆØ§Ø±Ù‚Ù‰ Ø¹Ø±ÙˆØ¶ Ø´Ù…Ø§Ù„ Ø§Ù„Ø±ÙŠØ§Ø¶ ÙŠØ³Ø¹Ø¯Ù†Ø§ ÙˆÙŠØ´Ø±ÙÙ†Ø§ Ø§Ù„Ø±Ø¯ Ø¹Ù„Ù‰ Ø§Ø³ØªÙØ³Ø§Ø±ØªÙƒÙ… Ø¹Ù„Ù‰ Ø§Ù„ÙˆØ§ØªØ³ 0555444150 """"
0.0,"""Ğ¯ Ğ´Ğ°Ğ¶Ğµ Ğ½Ğµ Ğ·Ğ½Ğ°Ñ ĞºĞ¾Ğ¼Ñƒ Ñ…ÑƒĞ¶Ğµ-Ğ½Ğ°Ğ¼ ÑƒÑ‡Ğ¸Ñ‚ÑŒÑÑ Ñ ÑƒĞ¿Ñ‹Ñ€ÑĞ¼Ğ¸ Ğ¸Ğ»Ğ¸ Ğ¾Ğ´Ğ½Ğ¾Ğ³Ñ€ÑƒĞ¿Ğ¿Ğ½Ğ¸ĞºĞ°Ğ¼ ĞšĞ°Ñ€Ğ»Ğ° Ñ ĞšĞ°Ñ€Ğ»Ğ¾Ğ¼"""
0.0,"""RT @McGsWonderland: Alec agrees... @ShadowhuntersTV @TMI_Institute @TMI_Source @cassieclare @MatthewDaddario http://t.co/MzPUuN85DQ"""
0.0,"""ĞÑÑ‚Ğ°Ğ½Ğ°Ğ´Ğ°Ò“Ñ‹ Ò›Ğ°Ğ½ Ğ¾Ñ€Ñ‚Ğ°Ğ»Ñ‹Ò“Ñ‹Ğ½Ğ° ĞºÒ¯Ğ½Ñ–Ğ½Ğµ 200-Ğ´ĞµĞ¹ Ğ°Ğ´Ğ°Ğ¼ ĞµÑ€Ñ–ĞºÑ‚Ñ– Ñ‚Ò¯Ñ€Ğ´Ğµ Ò›Ğ°Ğ½ Ñ‚Ğ°Ğ¿ÑÑ‹Ñ€Ğ°Ğ´Ñ‹ http://t.co/PVDZALhJbX"""
105.09733179846138,"""RT @shahidkapoorFC: TRENDING for Shaandaar â–º #WeWantShaandaarFirstLook Today 6pm IST #Shanatics be there and show your support ! RT and sprâ€¦"""
0.0,"""ã‚“ããƒ¼ãƒ¼ãƒ¼ã»ã‚“ã¨ãƒ©ãƒ–ãƒ©ã‚¤ãƒ–ã‚ã£ã¡ã‚ƒæ³£ã„ãŸã‚‚ã†ã‚ã£ã¡ã‚ƒãªã„ãŸã‚“ããƒ¼ãƒ¼ãƒ¼ãƒ¼ï¼ã»ã‚“ã¨ãšã£ã¨æ³£ã„ã¦ãŸï¼"""
7.93014351301618,"""Panindigan namin toğŸ˜‚"""
0.0,"""ã„ã‚‚ã‘ã‚“ã´ã‹ï¼"""
0.0,"""RT @SaudiNews50: #ÙˆØ²ÙŠØ±_Ø§Ù„Ø¹Ù…Ù„: ØºØ¯Ø§Ù‹ Ø§Ù„Ø§Ø«Ù†ÙŠÙ† Ù¢Ù¨ Ø´Ø¹Ø¨Ø§Ù† ÙŠØ¨Ø¯Ø£ #Ù…Ù†Ø¹_Ø§Ù„Ø¹Ù…Ù„_ØªØ­Øª_Ø§Ù„Ø´Ù…Ø³ Ù…Ù† Ø§Ù„Ø³Ø§Ø¹Ø© Ù¡Ù¢ Ø¸Ù‡Ø±Ø§Ù‹ ÙˆØ­ØªÙ‰ Ø§Ù„Ø³Ø§Ø¹Ø© Ø§Ù„Ù€ Ù£ Ù…Ø³Ø§Ø¡Ù‹ .  Ù„Ù„Ø¥Ø¨Ù„Ø§Øº Ø§Ù„Ø§ØªØµØ§Ù„â€¦"""
0.0,"""@xx_asura  ã“ã€ã“ã‚"""
0.0,"""@RinaLove0210 ããƒ¼ãªã‚“ã ã‚ˆw ã‚ã‚ŠãŒã¨ã†ó¾¬"""
0.0,""""jangan menyerah""""
0.0,"""à¸à¸¥à¸±à¸šà¸¡à¸²à¸«à¸²à¸™à¸²à¸¢à¸­à¸µà¸à¸„à¸£à¸±à¹‰à¸‡à¸­à¸°à¹„à¸£à¹€à¸¥à¹ˆà¸² à¸­à¸¢à¸¹à¹ˆà¸•à¸£à¸‡à¸™à¸µà¹‰à¹„à¸¡à¹ˆà¹„à¸”à¹‰à¹„à¸›à¹„à¸«à¸™ / à¹„à¸›à¹„à¸«à¸™à¹„à¸¡à¹ˆà¹„à¸”à¹‰à¸¡à¸²à¸™à¸²à¸™à¹à¸¥à¹‰à¸§à¹€à¸§à¹ˆà¸¢"""
0.0,"""@soraso_ra8 ã‚ã‚ŠãŒã¨ã†(Â´;Ï‰;`)ï¾Œï¾ï¾œï½¯  ãªã‚“ã¦å›ã¯å„ªã—ã„ã‚“ã (Â´ï½¡>Ï‰(â€¢Ï‰â€¢ï½¡`)ãã‚…ãƒ¼â™¡"""
0.0,"""@diannikmal Es opo piye jane seger i -_-" wooo"""
0.0,"""http://t.co/bSEqivTFH6"""
0.0,"""RT @ne11U_97: RTê°ì‚¬) ì‹ë¹„ë¥¼ ë²Œê¸°ìœ„í•œ ì»¤ë¯¸ìˆ€ì…ë‹ˆë‹¤! http://t.co/zKCY5VCraC <ìì„¸í•œê²ƒì€ ì´ê³³ìœ¼ë¡œ ë¬¸ì˜ëŠ” íŠ¸ìœ„í„°ë‚˜ ë³¸ë¬¸ ê¸°ì¬ëœ ë©”ì¼ë¡œ ë¶€íƒë“œë¦½ë‹ˆë‹¤. ì•Œí‹°í•˜ì‹ ë¶„ë“¤ì¤‘ ë‘ë¶„ì„ ë½‘ì•„ ë„íŠ¸ë‚˜ SD ê·¸ë ¤ë“œë ¤ìš”! http://t.câ€¦"""
0.0,"""#RT Ğ’ ÑĞ²Ğ¾Ğ¹ Ğ¿Ğ¾ÑĞ»ĞµĞ´Ğ½Ğ¸Ğ¹ Ğ´ĞµĞ½ÑŒ Ğ¿Ñ€ĞµĞ±Ñ‹Ğ²Ğ°Ğ½Ğ¸Ñ Ğ½Ğ° Ğ±Ğ¾Ñ€Ñ‚Ñƒ ĞœĞµĞ¶Ğ´ÑƒĞ½Ğ°Ñ€Ğ¾Ğ´Ğ½Ğ¾Ğ¹ ĞºĞ¾ÑĞ¼Ğ¸Ñ‡ĞµÑĞºĞ¾Ğ¹ ÑÑ‚Ğ°Ğ½Ñ†Ğ¸Ğ¸ Ğ°ÑÑ‚Ñ€Ğ¾Ğ½Ğ°Ğ²Ñ‚ ĞĞĞ¡Ğ Ğ¢ĞµÑ€Ñ€Ğ¸ Ğ’ĞµÑ€Ñ‚Ñ ÑĞ´ĞµĞ»Ğ°Ğ» Ğ¾Ñ€Ğ±Ğ¸Ñ‚Ğ°Ğ»ÑŒĞ½Ñ‹Ğµ ÑĞ½Ğ¸Ğ¼ĞºĞ¸ ..."""
54.76313567675537,"""RT @isiahminaj: Any of you muslim boys wanna eat my ass before ramadan starts http://t.co/E7X5BgX32O"""
0.0,"""@_haruna1203 ã‚ã‚‹"""
0.0,"""RT @magizp: à¸‚à¸­à¹€à¸¥à¸·à¸­à¸à¸–à¸¡à¸•à¸²à¸”à¸³à¹à¸šà¸šà¸™à¸µà¹‰ à¹à¸¥à¹‰à¸§à¸¡à¸µà¸œà¸¹à¹‰à¸Šà¸²à¸¢à¸­à¸¢à¹ˆà¸²à¸‡à¹€à¸‹à¸™à¸¡à¸­à¸‡à¸”à¸µà¸à¸§à¹ˆà¸² à¸Šà¸²à¸¢à¹„à¸—à¸¢à¹„à¸¡à¹ˆà¹ƒà¸Šà¹ˆà¹€à¸›à¹‰à¸²à¸«à¸¡à¸²à¸¢ 555555555 #à¹„à¸­à¸”à¸­à¸¥à¹à¸•à¹ˆà¸‡à¸«à¸™à¹‰à¸²à¸„à¸·à¸­à¸„à¸™à¸™à¸µà¹‰ #HowtoPerfect http://t.â€¦"""
133.8366417619282,"""RT @xoxostories: I love you not only with all of my heart. I love you with all my brain, stomach, kidneys etc."""
0.0,"""RT @akimari8km3: ãƒ©ãƒ–ãƒ©ã‚¤ãƒ–ï¼åŠ‡å ´ç‰ˆãƒ‘ãƒ³ãƒ•ãƒ¬ãƒƒãƒˆã®è£é¢ã«è‹±æ–‡ãŒã‚ã‚‹ã®ã§æ„è¨³ã—ã¦ã¿ãŸã€‚ http://t.co/Rbu9Pir4gb"""
0.0,"""http://t.co/pJOfNdW9s3 India's booming taxi-app firms endure bumpy ride http://t.co/k2FOkNAaPd"""
0.0,"""@OFCPangakoSayo halaaaaaaa 3 pa"""
0.0,"""RT @yabedoga: ã€é€Ÿå ±ã€‘äººé–“ãƒã‚¤ã‚¯ã§ãƒ‰ãƒ©ã‚¤ãƒ–ã‚¹ãƒ«ãƒ¼ã‚„ã¤ç¾ã‚‹ ã€é€Ÿå ±ã€‘äººé–“ãƒã‚¤ã‚¯ã§ãƒ‰ãƒ©ã‚¤ãƒ–ã‚¹ãƒ«ãƒ¼ã‚„ã¤ç¾ã‚‹ ã€é€Ÿå ±ã€‘äººé–“ãƒã‚¤ã‚¯ã§ãƒ‰ãƒ©ã‚¤ãƒ–ã‚¹ãƒ«ãƒ¼ã‚„ã¤ç¾ã‚‹ ã€é€Ÿå ±ã€‘äººé–“ãƒã‚¤ã‚¯ã§ãƒ‰ãƒ©ã‚¤ãƒ–ã‚¹ãƒ«ãƒ¼ã‚„ã¤ç¾ã‚‹  http://t.co/wsgoRvqM6v"""
0.0,"""RT @Mue_se: ê·¸ë¦¼ì²´ ì˜®ê¸°ê¸°..ã…‡ã…ã…‡) ê°œì¸ì ìœ¼ë¡œ ì´ì™• ê·¸ë¦¼ì²´ ì˜®ê¸¸êº¼ ì„œë¡œ íŒíŒ ì˜®ê²¼ìœ¼ë©´ã…‹ã…‹ã…‹ã…‹..â˜â˜œ http://t.co/tBkkRsOiK8"""
61.91110114151867,"""RT @honestfandom: Get well soon michael clifford! Remember when harry almost walked into fire? Fortunately zayn saw and stopped him http://â€¦"""
37.52187666905516,"""RT @MCCANNSPRIME: They're the "Most Popular Loveteam in Movies & TV" & i'm laughing rn bc haters are keep on pushing "hindi sikat ang JaDinâ€¦"""
0.0,"""RT @kenty2525: ä»Šæ—¥ã®21æ™‚ã‹ã‚‰èã„ã¦æ¬²ã—ã„äº‹ãŒã‚ã‚‹ã®ã§CASã®æ–¹ã¸çš†ã•ã‚“ã§ãã‚‹é™ã‚Šæ¥ã¦ãã ã•ã„ã€‚"""
0.0,"""ã‚­ãƒ£ãƒ©è¢«ã‚Šww"""
0.0,"""RT @LoveSensitive: à¹€à¸˜à¸­à¸ˆà¸°à¸à¸¥à¸±à¸§à¸­à¸°à¹„à¸£.. à¸Šà¸µà¸§à¸´à¸•à¹€à¸£à¸²à¸—à¸¸à¸à¸§à¸±à¸™à¸™à¸µà¹‰à¸à¹‡à¸¡à¸µà¹à¸•à¹ˆà¹€à¸£à¸·à¹ˆà¸­à¸‡à¸‚à¸­à¸‡à¹€à¸˜à¸­à¸—à¸±à¹‰à¸‡à¸™à¸±à¹‰à¸™"""
11.779548423803297,"""drive twitter #traffic  ..(website under building) http://t.co/fU0HEPOvaf #money"""
0.0,"""ã‚ªãƒ¡ãƒ‡ãƒˆã‚¦ã€‚ãƒ™ã‚¹ãƒˆãƒ•ãƒ¬ãƒ³ãƒ‰ã€‚ https://t.co/iYr0yfSND6"""
1.134908208313513,"""RT @mythotweet: - Tu fais quoi ? - Bac - Tu rÃ©vises quoi ? - Bac - Non mais quelle matiÃ¨re ? - Bac - ... - Bac bac bac bac bac"""
43.12151659942451,"""RT @Pause_Online: So much street stylers attended the #PAUSELCM presentation. Photos on our site tomorrow! #LCM http://t.co/wSA0TcAbU6"""
124.11065132094178,"""RT @Bar_Baric: How can you trek for Atiku from Lagos to Yola and claim you're now stranded with no money to go back. You don forget how to â€¦"""
0.0,"""#Ğ˜Ğ³Ñ€Ğ° Ğ½Ğ° Ğ´Ğ²Ğ¾Ğ¸Ñ… Ğ¿Ñ€Ğ¸Ğ½Ñ† Ğ¸ Ğ¿Ñ€Ğ¸Ğ½Ñ†ĞµÑÑĞ° Ğ¿Ğ¾Ğ±ĞµĞ³ http://t.co/FKyOF71RZr"""
0.0,"""ğŸ˜‚ğŸ˜‚ https://t.co/4aRR8i6Lt4"""
0.8038297020926287,"""RT @Raffiah_Babel17: Nissyaa & Family udh tiba di Tebet   Kalo syahnaz msh prepare ... #RaffiGigi7Bulanan"""
0.0,"""RT @Kaammmyy: Rt https://t.co/xSB0Z1XL0F"""
0.0,"""RT @yasmina_hn: GÃ¼naydÄ±n dostlar  PazarÄ±mÄ±z keyifli mutlu gecsin. http://t.co/pQ852VG7Cl"""
1.3510812003732295,"""@Lucky_s22_8 se tu sei Cristiano Cattolico e etero sai che la schiavitÃ¹ Ã¨ buona, quindi perchÃ¨ non la pratichi? @DanielaPF75 @te_Deum90"""
56.260881867736586,"""RT @deveoh: What Some People In Indonesia Do With Their Dead Is So Shocking & Bizarre http://t.co/qYDSfmR3AP http://t.co/y939f1tY0C"""
0.0,"""@smiletea_nk  ã‚«ãƒ„ã‚¢ã‚²ã§ã¯ãªããŠã­ã ã‚Šã§ã¯ï¼Ÿ(Â´â—‰â—à±ªâ—Ÿâ—‰)"""
0.0,"""ã‚ãã§ãªã—å­ã•ã‚“ã€ãªã‚“ã§é€®æ•ã•ã‚Œã¡ã‚ƒã£ãŸã‚“ã ã‚ã†ã€‚ãƒãƒ³æ‹“ãªã‚“ã¦ç§ã®ã„ãã‚‰ã§ã‚‚ã‚ã’ã‚‹ã®ã«ã€‚"""
102.17632607992162,"""RT @5SecsOfCookies: I'm still so sad about the fact that all this happened today is such a shit day ..."""
0.0,"""@skate28_  ã¯ãƒ¼ã„ğŸ˜ğŸ’“"""
0.0,"""Ben te druk"""
0.0,"""@liamsfeelsx sos que lejos"""
56.260881867736586,"""RT @deveoh: What Some People In Indonesia Do With Their Dead Is So Shocking & Bizarre http://t.co/qYDSfmR3AP http://t.co/y939f1tY0C"""
0.0,"""ã‚ã®æˆ¦äº‰ã‚’çŸ¥ã‚‹æ”¿æ²»å®¶ã®æ€ã„ï½å®‰å€é¦–ç›¸ã®è¨€å‹•ã¯ã‚ã¾ã‚Šã«è»½ãã€å±ã†ã„ï½ã€€é­šä½æ˜­ã®èªŒä¸Šãƒ‡ãƒ¢ã€Œã‚ãé“ã‚’ã‚†ãã€é€£è¼‰ç¬¬129å›ï¼ˆç¾ä»£ãƒ“ã‚¸ãƒã‚¹ï¼‰ http://t.co/m1Yx33vQwc"""
0.0,"""Ø§Ù„Ù„ÙŠ ÙŠØ­Ø¨ ØŒØŒØŒ Ø§Ùˆ ÙŠØ¹Ø² (Ù†Ø´ÙŠÙ„ ÙƒÙ„Ù…Ø© Ø­Ø¨ Ù„Ø§Ù†Ù‡Ø§ ØµØ¹Ø¨Ù‡ Ù‡Ø§Ù„Ø§ÙŠØ§Ù… ) ÙŠÙ‡ØªÙ… ØŒØŒ Ù‡Ø°ÙŠ Ø¨Ø­Ø¯ Ø°Ø§ØªÙ‡Ø§ ØªØ´Ù„Ø¹ Ø§Ù„Ù‚Ù„Ø¨ Ù…Ù† Ù…ÙƒØ§Ù†Ù‡   ÙˆØ§Ù„Ù Ù†Ù‚Ø·Ù‡ ğŸ‘ŒğŸ¼ğŸ‘ŒğŸ¼ğŸ‘ŒğŸ¼ğŸ‘ŒğŸ¼ğŸ‘ŒğŸ¼"""
0.0,"""RT @HD_0524: âœ¨ì¬í™˜ì˜¤ë¹ ì˜ë³µë©´ê°€ì™•ì§„ì¶œê¸°ë…âœ¨ì´ë²¤íŠ¸! RT í•´ì£¼ì‹œë©´ ë˜êµ¬ìš” íŒ”ë¡œëŠ” ììœ êµ¬ìš” ê·¸ë¦¬ê³  ë³µë©´ê°€ì™• ë°©ì²­ë‹¹ì²¨ ëëŠ”ë° ê·€ì°®ë‹¤ê³  ì—„ë§ˆì—ê²Œ ì–‘ë„í•œ ì§„ì •í•œ ë•ê³„ëª» @uiopp09 ì¹œêµ¬ì—ê²Œ ë°¥5ë¼ê³  ì „í•˜ë©´ì„œ RT! ë³„ë¹›í•œì •ì…ë‹ˆë‹¤! http://tâ€¦"""
0.0,"""Conquista China al mundo con trenes: El gigante asiÃ¡tico tiene proyectos y clientes en cuatro continentes y mi... http://t.co/RsRU197qiQ"""
0.0,"""RT @YUKKEY13: #çµ¶å¯¾ã«å®Ÿå†™åŒ–ã—ã¦æ¬²ã—ããªã„ã‚¢ãƒ‹ãƒ¡ ãƒ‹ã‚»ã‚³ã‚¤! http://t.co/EMX2gj5CYb"""
0.0,"""Ù…Ù† Ø³Ù†Ù† Ø§Ù„Ø°Ù‡Ø§Ø¨ Ø¥Ù„Ù‰ Ø§Ù„Ù…Ø³Ø¬Ø¯ ØªÙ‚Ø¯ÙŠÙ… Ø§Ù„ÙŠØ³Ø±Ù‰ Ø¹Ù†Ø¯ Ø§Ù„Ø®Ø±ÙˆØ¬ Ù…Ù† Ø§Ù„Ù…Ø³Ø¬Ø¯ #Ù†Ø´Ø±_Ø³ÙŠØ±ØªÙ‡ #ï·º"""
0.0,"""RT @ja_alomari: .  ğŸ”‘ Ù…ÙØ§ØªÙŠØ­ Ø§Ù„ØªØ¯Ø¨Ø± ğŸ“– Ù„Ù„Ø´ÙŠØ® Ø¯. Ù…Ø­Ù…Ø¯ Ø§Ù„Ø±Ø¨ÙŠØ¹Ø©  Ù…Ù† Ø£Ù‡Ù… Ø§Ù„Ù…Ø­Ø§Ø¶Ø±Ø§Øª Ø§Ù„ØªÙŠ Ø³ØªÙÙŠØ¯Ùƒ ÙÙŠ ØªØ¯Ø¨ÙÙ‘Ø± Ø§Ù„Ù‚Ø±Ø¢Ù† Ø¨Ø±Ù…Ø¶Ø§Ù† ğŸŒ™  https://t.co/0EKA6z5QDzâ€¦"""
0.0,"""ç”Ÿç†ã ã‹ã‚‰æ—©ãå¸°ã‚‰ã›ã¦ã‚‚ã‚‰ãˆãŸâ€¦é¡”ãŒçœŸã£ç™½ã§ãƒ¼ãƒ¼è¦–ç•ŒãŒãƒ¼ãƒ¼è¦–ç•ŒãŒâ€¦â€¦â€¦ãµã€ã‚‰ãµã‚‰ã§ã™"""
0.0,"""Si.. precisamente asÃ­ estoy ahora http://t.co/Zh8KJUf0D1"""
0.0,"""hay nako mikang"""
3.4712608742117643,"""nigga >> super nigga reaaaal quick ğŸ™‹ğŸ˜­ğŸ˜"""
22.880039403691224,"""@RyougaSaotome Such a wonderful city @_@"""
73.71395808478145,"""â€œfind something that makes u happy & don't let anyone take it away from uâ€ i'll never lose you, lukey from @5sos  ilysm @luke5sos x72,973"""
27.730369679330465,"""RT @HissizB1RadaM: Bir kadÄ±nÄ±n sÃ¶zleri bu kadar etki edebilir!.Nina Simone- I Put Spell On You https://t.co/hSCtYuHgjz Ğ½Î¹Ñ•Ñ•Î¹z Ğ² 1 Ñ Î±âˆ‚Î±Ğ¼ htâ€¦"""
0.0,"""ãŠè…¹ãƒ»ãƒ»ãƒ»ç©ºã„ãŸãªã‚ï¼Ÿ"""
27.730369679330465,"""RT @HissizB1RadaM: Bir kadÄ±nÄ±n sÃ¶zleri bu kadar etki edebilir!.Nina Simone- I Put Spell On You https://t.co/hSCtYuHgjz Ğ½Î¹Ñ•Ñ•Î¹z Ğ² 1 Ñ Î±âˆ‚Î±Ğ¼ htâ€¦"""
5.221593981641387,"""RT @EresCurioso: En 1997 se realizan en el mundo las primeras transmisiones de TV en alta definiciÃ³n."""
0.0,"""ë„ˆë¬´ ì•„ë¦„ ë‹¤ìš´~ ë‹¤ìš´~"""
0.0,"""@DoragonPk åŒã˜ãå…¨è£¸å¾…æ©Ÿå‹¢ã§ã™(<âš«ï¸>ãƒ­<âš«ï¸>)ã‚«ãƒƒ"""
0.0,"""RT @manishssethia: #à¤…à¤—à¤°_à¤°à¤µà¤¿à¤µà¤¾à¤°_à¤¨à¤¹à¥€à¤‚_à¤¹à¥‹à¤¤à¤¾ à¤¤à¥‹ à¤®à¥ˆ à¤…à¤ªà¤¨à¥€ à¤—à¤°à¥à¤²à¤«à¥à¤°à¥ˆà¤‚à¤¡ à¤•à¥‡ à¤¸à¤¾à¤¥ à¤¡à¥‡à¤Ÿ à¤ªà¤° à¤¨à¤¹à¥€ à¤œà¤¾ à¤ªà¤¾à¤¤à¤¾ ğŸ˜¢ğŸ˜‚"""
0.0,"""ã‚†ã†ã¡ã‚ƒã‚“ã‚ã‚ŠãŒã¨ã†ğŸ™ˆ"""
0.0,"""æœ¬æ—¥ã®æ•™è¨“ã¯å¾¹å¤œã‚’ã™ã‚‹ã¨æ­»ã¬ ã§ã—ãŸ å±±æ‰‹ç·šä¸€å‘¨ã—ã¡ã‚ƒã£ãŸã‚â€¦ å¾Œã§å†™ãƒ¡ã‚¢ãƒƒãƒ—ã—ã‚ˆã†"""
0.0,"""2æ—¥é–“æ¥½ã—ã‹ã£ãŸãª(*ãƒ»Ï‰ãƒ»*)"""
5.706856314681647,"""Gramsciâ€™nin liberallere bir Ã§ift sÃ¶zÃ¼ var - http://t.co/IML17G2E2k http://t.co/ARHMZFcq9l"""
0.0,"""Bebelerinen pilates yaparkene :) http://t.co/iWpSfgjxPW"""
0.0,"""RT @llMGWVll: âš¡ï¸ï¼²ï¼¥ï¼´ï¼·ï¼¥ï¼¥ï¼´  âš¡ï¸ï¼©ï¼¦  âš¡ï¸ï¼¹ï¼¯ï¼µ  âš¡ï¸ï¼¦ï¼¯ï¼¬ï¼¬ï¼¯ï¼·ï¼¢ï¼¡ï¼£ï¼«  âš¡ï¸#F4F  âš¡ï¸#MGWV  âš¡ï¸#FollowTrick  âš¡ï¸#TeamFollowBack  âš¡ï¸#AnotherFollowTrain  âš¡ï¸#ï¼¦ï¼¯ï¼¬ï¼¬ï¼¯ï¼· @Mâ€¦"""
43.84978008614488,"""RT @SurwezCynthia: Nasa SIXTH SPOT na tayo!ğŸ˜‚  #SarahGPaanoBaAngMagmahal  || The BreakUp Playlist July1"""
4.153816876547164,"""RT @sofiaorden: NxbizSuccess - University of Nebraska-Lincoln | http://t.co/9ASlXplPYw | Business #free #Business chronicle of higheâ€¦ http:â€¦"""
0.4213627373598125,"""RT @deknang: Stand By Me Doraemon à¸¡à¸µà¸ªà¸´à¸—à¸˜à¸´à¹Œà¸„à¸§à¹‰à¸²à¸•à¸³à¹à¸«à¸™à¹ˆà¸‡à¸à¸²à¸£à¹Œà¸•à¸¹à¸™à¸£à¸²à¸¢à¹„à¸”à¹‰à¸ªà¸¹à¸‡à¸ªà¸¸à¸”à¹ƒà¸™à¸ˆà¸µà¸™à¸—à¸µà¹ˆ Kung Fu Panda2 à¹€à¸„à¸¢à¸—à¸³à¸ªà¸–à¸´à¸•à¸´à¹€à¸­à¸²à¹„à¸§à¹‰à¸—à¸µà¹ˆ 93 à¸¥à¹‰à¸²à¸™à¸”à¸­à¸¥à¸¥à¸²à¸£à¹Œ"""
0.0,"""https://t.co/GvCPyjw8mi ÙŠØ´Ø±ÙÙ†Ø§ Ø¹Ù…Ù„Ø§Ø¦Ù†Ø§ Ø§Ù„ÙƒØ±Ø§Ù… Ø§Ù„Ø±Ø¯ Ø¹Ù„ÙŠ Ø§Ø³ØªÙØ³Ø§Ø±ØªÙƒÙ… Ø¹Ù„ÙŠ Ø§Ù„ÙˆØªØ³ 0555444150"""
0.0,"""RT @Jaeh0n: Red.  Red?  Red Velvet?  RED VELVET COMEBACK CONFIRMED?! https://t.co/yPQjfEUKMB"""
0.0,"""@nopposan1023 ã†ã¡ã¯ã®ã£ã½ã•ã‚“ã ã‘ã§ã—ãŸã‚ˆ (âŒ’-âŒ’; )"""
0.0,"""RT @SUPERJUNIOR_CPP: [ë¦¬ë¹™í¬ì¸íŠ¸] êµ­ì–´ì‚¬ì „ì€ ê·¼ì„±ì„ ê°–ê³  ëê¹Œì§€ ì½ì–´ë³´ëŠ”ê²Œ ì¢‹ë‹¤. http://t.co/po3WLicQqK"""
0.0,"""@yuuuchum_m ã“ã‚Œã¯ã³ã£ãã‚Šã ã‚ˆã­ãƒ¼ï¼ˆç¬‘ï¼‰ ãƒ•ã‚¡ãƒ³ã®æ–¹ã‹ã‚‰ã‚‚Î£(ï¾ŸĞ”ï¾Ÿ)"""
0.0,"""RT @butsabahh: à¸à¸¶à¹ˆà¸‡à¹„à¸”à¹‰à¹€à¸«à¹‡à¸™à¸«à¸¡à¸¹à¸ªà¸µà¹€à¸‚à¸µà¸¢à¸§à¸à¹‡à¸§à¸±à¸™à¸™à¸µà¹‰à¹à¸«à¸¥à¹‰à¸° à¸™à¹ˆà¸²à¸£à¸±à¸à¹€à¸Šà¸µà¸¢à¸§ (à¸ªà¸‡à¸ªà¸±à¸¢à¹€à¸à¸£à¸‹à¸„à¸‡à¸à¹‡à¸à¸¥à¸±à¸§à¸à¸™à¸•à¸à¹€à¸¥à¸¢à¹ƒà¸ªà¹ˆà¹€à¸ªà¸·à¹‰à¸­à¸à¸™à¸ªà¸³à¸£à¸­à¸‡à¸¡à¸²à¸à¹ˆà¸­à¸™ à¸¥à¹‰à¸­à¹€à¸¥à¹ˆà¸™à¸™à¹‰à¸²555ğŸ˜ğŸ˜) #gracethestarâ€¦"""
0.0,"""RT @waranet48: ã»ã‚“ã¾ã«å½“ãŸã£ã¦ã‚‹ã‚ï¼çˆ†ç¬‘ http://t.co/7Ac7QLGADM"""
0.0,"""@rituka05_  ãã‚Œãªããããã‚ï¼ï¼ï¼ï¼ã—ã‚‚ã‚“ã¬ãªãããã‚ï¼ï¼ï¼ãƒãƒ©ã‚¬ãƒŸä¸»äººå…¬ç¥è°·ã•ã‚“ã ã—ã­ï¼ã‚ã‚Œã‚‚é¢ç™½ã„ï¼ï¼ã‚¢ãƒ‹ãƒ¡ã—ã‹è¦‹ã¦ãªã„ã‘ã©wå£°å„ªã ã£ãŸã‚‰WORKINGãƒ‡ãƒ¥ãƒ©ç‡ãƒãƒ³ãƒ‘ã­ã‡ã‚ˆwwwwww"""
0.0,"""RT @YaOng_007: "ìš°ë¦¬ëŠ” ì§€ì—­ê°ì • ì¼ìœ¼ì¼œì•¼ ë¼.."ë¼ëŠ” ë¯¼ì¡±ì˜ ë¶„ì—´ì, ì§€ì—­ê°ì • ë‚´ë€ì„ ë™ë²” ê¹€ê¸°ì¶˜ì˜ "ë°•ê·¼í˜œëŠ” ë‚™í•˜ì‚° ì—†ë‹¤"ì— ëŒ€í•œ ì–¸ë¡ ë“¤ì˜ ë°˜ëŒ€ ì €ê²©... http://t.co/QvvJMyW39D"""
0.0,"""@mariloveberu17  ã‚ã‚ŠãŒã¨ã†ã”ã–ã„ã¾ã™(ï¹¡Ë†ï¹€Ë†ï¹¡)â™¡ è¦ãƒã‚§ãƒƒã‚¯ã§ã™ã­ ã‚ã®æ™‚ã€…ãŸã¾ã‚†ã¡ã‚ƒã‚“ã¨ãŠè©±ã•ã‚Œã¦ã‚‹ã®ã‚’ãŠè¦‹ã‹ã‘ã—ã¦ã¾ã—ãŸ ãƒ•ã‚©ãƒ­ãƒ¼ã•ã›ã¦ãã ã•ã„ ã‚ˆã‚ã—ããŠé¡˜ã„ã—ã¾ã™"""
0.0,"""RT @AquiPeixes: #Peixes Para nÃ³s, todo o amor do mundo."""
0.0,"""Stima.!!!!"""
10.854441994499822,"""Google Matched Content y la guerra por el contenido relacionado http://t.co/cEMnRsNgsP"""
0.0,"""Ù…Ø·Ù„ÙˆØ¨ Ù…Ù†Ø§Ø¯ÙŠØ¨ ØªØ­ØµÙŠÙ„ Ø´Ø¨Ø§Ø¨ ÙÙ‚Ø· Ù…Ø¤Ù‡Ù„ Ø¹Ø§Ù„Ù‰ http://t.co/Gg598eiztn"""
0.0,"""@SilviaReina_99 â˜ºï¸â˜ºï¸â˜ºï¸ http://t.co/AdjpDIvJFG"""
0.0,"""Se confirma el frÃ­o â„ï¸"""
54.44905690746392,"""Morning all! Don't forget to come visit us at the B2B Exhibition at Tewin Bury Farm this coming Wednesday! It all starts at 10am!"""
0.0,"""@kimm_hion ì˜ ì§€ëƒˆëƒê³ ? ì–´ë•Œë³´ì—¬???"""
0.0,"""Hoje tem a ressaca, enterro dos ossos..."""
0.0,"""@null 4876962"""
16.873169877223404,"""#Np #SuicideSilence - Eyes Sewn Shut"""
0.0,"""RT @rinaldinsh: KÄ besÄ«,kad 11-14 gadÄ«gÄs meitenes saka "tu nezini,kam esmu gÄjusi cauri.".meitenÄ«t,vienÄ«gais kam tu esi gÄjusi cauri ir taâ€¦"""
0.0,"""ãƒ€ãƒ¡è¨ˆç®—ã§ã‚‚ã—ã‚ˆ"""
21.5121121867621,"""RT @5SOSTumblrx: #5sosdumpmodest please do"""
0.0,"""@Arioka_415miruu   ã§ã¯ã¿ã‚‹ã‚‹ã‚“ã£ã¦å‘¼ã³ã¾ã™ğŸ’•"""
0.0,"""RT @merrypeal412: íë¥´ëŠ” ë•€ê¹Œì§€ ì˜ë„ëœê±° ê°™ì€ ì•„ë¦„ë‹¤ì›€ http://t.co/AreHX44iHg http://t.co/h1MzzactHr"""
0.0,"""RT @TrollMcQueen: La CAF m'envoie une lettre pour avoir mon adresse. La CAF. M'envoie. Une LETTRE. Pour avoir mon ADRESSE."""
0.0,"""RT @WarmStar_JK: 150529 â˜… ìš©ì‚°íŒ¬ì‹¸ #ì •êµ­ #JUNGKOOK #ë°©íƒ„ì†Œë…„ë‹¨ #ì©”ì–´ <http://t.co/MVeIW6LoWp @BTS_twt ê¾¹í† ê¸°ì•¼~~ê±´ê°•ì˜ ì±™ê¸°ê³  ì©”ì–´ë¬´ëŒ€ ê¸°ëŒ€í•˜ê³  ìˆìŒ. http://t.co/0OnSQIRaUi"""
39.16528054750583,""""So pumped for Saranac" ft. Desmar. #RadskiYL https://t.co/5OrUiqq2k0"""
0.0,"""ä¼Šè—¤å…‰ã€èª¿å­è‰¯ããªã£ã¦ãã¦å¬‰ã—ã„"""
0.0,"""ãƒˆã‚¤ãƒ¬=ãµãã‚‹ã—ãŠã‚“"""
0.0,"""RT @peganobalaio: Amanda BBK (@amandabbk) comeÃ§a a despertar, depois de uma noite em orgias, regadas a Ã¡lcool e drogas, para aliviar uma doâ€¦"""
64.47644861471316,"""RT @_misslucid: why are ppl so annoying"""
16.881351476672847,"""#TeamFollowBack Bus crashes through shop window http://t.co/TQJqNrDp36 #AutoFollowback"""
0.0,"""RT @aiiba_12: #rtã—ãŸäººã«ã‚«ãƒ¡ãƒ©ãƒ­ãƒ¼ãƒ«ã¶ã—ã‚ƒãããããã£ã¦ã‚„ã£ã¦ãƒ”ãƒƒã¦æ­¢ã‚ãŸç”»åƒã‚’é€ã‚Šã¤ã‘ã‚‹ ã€Š @sz_nanikinlove ã€‹ http://t.co/2ZgA0bZBYo"""
63.043900666232204,"""RT @1DAsiaCrew: Harry with Sara Sampaio in New York City (June 11th) #1-2 http://t.co/5lsr62EXb7"""
0.0,"""ãƒ¬ãƒŸãƒªã‚¢ã¨å½ç‰©èªã®ã‚®ã‚·ã‚¢ãƒ³ã¨ã‹ãã‚ã‡"""
0.0,"""RT @coffret_xoxo: ì˜¤ë°± ã€Šì‰ê¸€ëœë“œë“œë¦¼ã€‹ ì†Œì¥ë³¸ ì‚¬ì´íŠ¸ ì—´ì—ˆìŠµë‹ˆë‹¹. http://t.co/EhUAzCVM54 6ì›”17ì¼ 10ì‹œë¶€í„° ì„ ì…ê¸ˆ ì‹œì‘ì´ì—ìš”. ì „ë¬¸ì€ http://t.co/PlhekBAXt4 ì—ì„œ ë³´ì‹¤ ìˆ˜ ìˆìŠµë‹ˆë‹¤. ë¦¬íŠ¸ìœ—í•´ì£¼ì‹œë©´â€¦"""
2.0030814800425136,"""RT @DIYcookery: So making these!! ğŸ˜‹ğŸ™Œ http://t.co/s0hKPqe84H"""
0.0,"""@takuya24ldh æ˜æ—¥ã¨ã‹ã§ãã¾ã›ã‚“ã‹ï¼Ÿ"""
0.0,"""RT @e7sas2016sahr: Ø§Ù„ØªØ³Ø§Ù…Ø­ Ù‡Ùˆ Ø£ÙƒØ¨Ø± Ù…Ø±Ø§ØªØ¨ Ø§Ù„Ù‚ÙˆØ© .. ÙˆØ­Ø¨ Ø§Ù„Ø§Ù†ØªÙ‚Ø§Ù… Ù‡Ùˆ Ø£ÙˆÙ„ Ù…Ø¸Ø§Ù‡Ø± Ø§Ù„Ø¶Ø¹Ù"""
0.0,"""RT @HorrificPics: Nope. http://t.co/hAIIJxWpck"""
0.0,"""RT @zaynmalik: Chaka Khan ... ğŸ™Œ"""
0.0,"""æ˜ ç”»åŒ–ã§è¶…è©±é¡Œ!!ã€Œæ–°å®¿ã‚¹ãƒ¯ãƒ³ã€ãŒç„¡æ–™ã§èª­ã‚ã‚‹ã‚“ã ã£ã¦(Ïƒãƒ»âˆ€ãƒ»)Ïƒ https://t.co/nVU9Xt4dHy"""
0.0,"""RT @gearyandjones: ã‚¨ãƒƒï¼ï¼Ÿ ğŸ‘€ http://t.co/JgfkwzdpDa"""
0.0,"""ã€æ‹¡æ•£ã€‘è‡ªä½œè‡ªæ¼”ã‚’ç¹°ã‚Šè¿”ã™ @kenziburu ã¯ã€æ—¥æœ¬äººã‚’è²¶ã‚ã‚‹ç‚ºã«æ—¥æœ¬äººã«æˆã‚Šæ¸ˆã¾ã—ã¦ç•°å¸¸ãªè¨€å‹•ã‚’ç¹°ã‚Šè¿”ã—ã¦ã„ã‚‹æœé®®è›†è™«ã ã¨è¨€ã„åˆ‡ã‚Œã‚‹ã€‚ä½•æ•…ãªã‚‰ã€æ—¥æœ¬äººã¯ã„ããªã‚Šæ®ºå®³äºˆå‘Šã‚’ã™ã‚‹ã‚ˆã†ãªç¤¼å„€çŸ¥ã‚‰ãšãªç¨®æ—ã§ã¯ãªã„ã‹ã‚‰ã ã€‚"""
0.0,"""RT @SU13nn: à¸à¸µà¹ˆà¸«à¸¡à¸µà¸«à¸§à¸±à¸”à¸”à¸µ ğŸ™ğŸ» http://t.co/pqSbTxN14Y"""
0.0,"""RT @cuttolipta: à¸„à¸™à¹€à¸£à¸²à¸¡à¸±à¸à¸£à¸¹à¹‰à¸§à¹ˆà¸²à¸ˆà¸°à¹à¸à¹‰à¹„à¸‚à¸›à¸±à¸à¸«à¸²à¸¡à¸±à¸™à¸­à¸¢à¹ˆà¸²à¸‡à¹„à¸£ à¹à¸•à¹ˆà¹€à¸£à¸²à¸•à¹‰à¸­à¸‡à¸à¸²à¸£à¹à¸£à¸‡à¸šà¸±à¸™à¸”à¸²à¸¥à¹ƒà¸ˆà¸­à¸°à¹„à¸£à¸ªà¸±à¸à¸­à¸¢à¹ˆà¸²à¸‡à¸–à¸µà¸šà¹ƒà¸«à¹‰à¹€à¸£à¸²à¹€à¸£à¸´à¹ˆà¸¡"""
0.0,"""RT @hanona3232: Ù„Ø§ ØªÙƒØ°ÙØ¨ Ø¨Ù€Ù Ø§Ù„Ø­ÙØ¨ ØŒ ÙÙ Ø§Ù„Ù…Ø´ÙØ§Ø¹Ø± Ù±Ù„Ù…ÙÙ‡ÙØ§ ÙŠØ·ÙÙˆÙ„..!"""
0.0,"""ã²ã¨ã¿ã¨ï¼‘æ—¥ä¸­éŠã‚“ã ï½ğŸ˜†ğŸ˜† åˆã‚ã¦ã½ã‚“ã½ã“è¡Œã£ãŸï¼ã²ã¨ã¿ã‚„ã‚‰ã‹ã—ãŸã‘ã©ç¾å‘³ã—ãå‡ºæ¥ãŸã—æ¥½ã—ã‹ã£ãŸâœŒ ã½ã‚“ã½ã“ã½ãƒ¼ã‚“ http://t.co/MwyV4Uur7U"""
41.021077550252016,"""RT @FCEMAFeminines: But de Jessica #Arnault #AllezArlac"""
0.0,"""RT @PrincesseFennec: En France vous vous entretuez presque pour reprÃ©senter vos origines et une fois  au bled vous faites grv les stars psqâ€¦"""
0.0,"""" Ø®ÙŠØ± Ø§Ù„Ø£Ù…ÙˆØ± Ù…Ø§ ÙƒØ§Ù† Ù…Ù†Ù‡Ø§ Ø¶Ø§Ø­ÙŠØ§ Ø¨ÙŠÙ†Ø§ØŒ ÙˆØ¥Ù† ÙƒÙ†Øª ÙÙŠ Ø£Ù…Ø±ÙŠÙ† Ø£Ù†Øª Ù…Ù†Ù‡Ù…Ø§ ÙÙŠ Ø´Ùƒ ÙØ®Ø° Ø¨Ø§Ù„Ø°ÙŠ Ø£ÙˆØ«Ù‚ " Ù…Ø§Ù„Ùƒ Ø¨Ù† Ø£Ù†Ø³  http://t.co/ZWXcNP8lXh"""
0.0,"""Estar a na de perder la mano durmiendo.. Muy bien oye ğŸ‘"""
0.0,"""RT @Grown1DARG: Harry bailando con la muÃ±eca inflable ğŸ˜‚ https://t.co/p2BailvdBv"""
0.8659926408152901,"""I'm earning #mPOINTS in Trailer Addict (Android). http://t.co/mz5UHIwGQt"""
1.5164772429825788,"""RT @GranHoroscopo: #SAGITARIO: Â¿Puedes ser malo? Si, en el momento, tramas y puedes golpear e insultar pero luego te olvidas. O lo intentasâ€¦"""
0.0,"""ì´ì˜ì‹« 3ë…„ í›„ì—ë„ ë³¸ì§„ì´ë©´ ì¢‹ê² ë‹¤ ê·¸ ì „ì— ì—°ì¬ëŠ” ëë‚˜ê² ì§€ë§ˆì•ˆ"""
0.0,"""ã‚ã£ãƒ‹ã‚³ãƒãƒ¼ãªã†ã§ã™"""
0.0,"""èª°ã‹â€¦ç§ã«å®¿é¡Œã•ã›ã¦ï½¡ï¾Ÿ(ï¾ŸÂ´Ğ”`ï¾Ÿ)ï¾Ÿï½¡ åŠ›ã‚’è²¸ã—ã¦â€¦ï½¡ï¾Ÿ(ï¾ŸÂ´Ğ”`ï¾Ÿ)ï¾Ÿï½¡ ç§ã ã‘ã˜ã‚ƒå®¿é¡Œç„¡ç†ã ã‚ˆã‰ã‰ã‰ãŠãŠãŠ"""
0.0,"""ã‚ãƒ¼ã€ã‚‚ãµã‚‚ãµã—ã„ï¼ï¼"""
7.851685648173192,"""Morning. Im going to sleep"""
0.0,"""Oddio povero Michael  #GETWELLSOONMICHAEL"""
0.0,"""@youareanidiot7 â€»ã“ã®ã‚ˆã†ãªè¿”ä¿¡ã«ã¯å¯¾å¿œã—ã¦ã„ã¾ã›ã‚“"""
0.0,"""ÙŠØ§Ø®ÙŠ Ø¨Ø¹Ø¶ Ø§Ù„Ø³ÙŠÙ‚Ø§Ù† Ø´Ø¹Ø±Ù‡Ø§ Ø§Ø·ÙˆÙ„ Ù…Ù† Ø´Ø¹Ø± Ø§Ø¨Ùˆ Ø¬Ù‡Ù„  #Ø­Ù…Ù„Ø©_ØµÙˆÙ‘Ø±_Ø³ÙŠÙ‚Ø§Ù†Ùƒ"""
0.0,"""ç§ã®å‘¨ã‚Šã¯å¯æ„›ã„ç”·å­ãŒå¤šã„ã‚ˆã†ã§ã¨ã¦ã‚‚ã†ã‚Œã—ã„ã§ã™ã€‚ ã¿ã‚“ãªå¾Œè¼©ã§ã™ã‘ã©ã­ã€‚"""
0.0,"""RT @1986426_FKJ: à¹€à¸¡à¸·à¹ˆà¸­à¹à¸¡à¹ˆà¹€à¸›à¸¥à¸µà¹ˆà¸¢à¸™à¹„à¸¥à¸™à¹Œà¹ƒà¸«à¸¡à¹ˆ... #à¸à¹ˆà¸­à¸à¸¹à¹€à¸›à¹‡à¸™à¸„à¸™à¸•à¸¥à¸ #à¹à¸¡à¹ˆà¸à¸¹à¹€à¸›à¹‡à¸™à¸„à¸™à¸•à¸¥à¸ http://t.co/WiC6xVj50p"""
0.0,"""à¸„à¸´à¸”à¸–à¸¶à¸‡à¸ˆà¸±à¸‡ à¹€à¸˜à¸­à¸«à¸²à¸¢à¹„à¸›à¸—à¸±à¹‰à¸‡à¸§à¸±à¸™à¹€à¸£à¸²à¹‚à¸„à¸£à¸•à¸«à¸‡à¸­à¸¢à¹€à¸¥à¸¢ :("""
0.0,"""@NrlAthrh hahahaha.....rumah kau kat mana?"""
69.09650373881709,"""RT @niteshlakhara26: Asaram Bapuji â€“'Hindus should be moralistic and united else others will exploit us!' Be a part of #4thHinduAdhiveshan"""
0.0,"""å¯éãã¦é ­ç—›ã„wwww ã¦ã‹æ˜æ—¥çµ¦æ–™æ—¥ã‚„ã‚“\( *Â°Ï‰Â°* )/ 1ãƒ¶æœˆé–“é ‘å¼µã£ãŸã”è¤’ç¾ã ï¼âœ¨         ï¾”ï¾ï¾ï½°ï½²ï¾”ï¾ï¾ï½°ï½²ï¾”ï¾ï¾ï½°ï½²  ã€€ã€€ãƒ½(ï¼¾âˆ‡ï¼¾)ï¾‰ã€€â™ª ã€€â™¬ã€€ (ã€€ ã¸ ) ã€€ã€€ã€€ã€€ã        â™ª"""
0.0,"""RT @scorpio0o0_22: Ø§Ù„Ù…ÙŠÙ„Ø§Ù†ÙŠØ³ØªØ§ Ù…Ø¹ Ø­Ù…Ø§Ø³ Ø§Ù„Ù…ÙŠØ±ÙƒØ§ØªÙˆ Ø§Ù„Ø­Ø§Ù„ÙŠ ØµØ§Ø±ÙˆØ§ ÙƒÙ„Ù‡Ù… Ù…ØªØ±Ø¬Ù…ÙŠÙ†"""
0.0,"""Lit batting cage adventures"""
83.49556934276819,"""Local vocalğŸ˜¬"""
0.0,"""@Revo_tttA wwwwww"""
14.604369127791559,"""RT @iran_policy: Together, letâ€™s create complete freedom of expression & media! http://t.co/MqkwhFlUcR #HumanRights #IranFreedom #NCRI #Iraâ€¦"""
16.916281899807256,"""WALDORF HYSTERIA  Several hurt after guest's gun discharges at hotel:"""
1.0846203461990085,"""RT @OnMaApplaudit: Ma prof d'anglais m'a dit "ton carnet!" J'ai rÃ©p "in english plz"  On m'a applaudit j'ai eu mon bac mention "t'es chiantâ€¦"""
0.0,"""@AAA_3649  äº†è§£ã§ã™ğŸ˜ŠğŸ’• ã½ã‚ˆã£ã¦å‘¼ã‚“ã§ãã ã•ã„ï¼"""
0.0,"""ï¾ƒï½¯ï¾ƒï½¯ï¾ƒï½°ï¾!!"""
0.0,"""ÙˆØ§Ù„Ù„Ù‡ Ù…Ø§ Ø§Ù†Ø§ ØµØ§Ø­Ø¨Ø© Ø§Ù„Ø§Ø¹ØªØ±Ø§Ù  https://t.co/6d6G5T5b2C"""
34.4462361152249,"""Hbd mbahe kenny ğŸ‰ğŸ (with Kenny and Reno at Mr.K Stay Up! Stay Cool!) â€” https://t.co/QP48JiwmsG"""
0.0,"""RT @AlwaysKristars_: Lagi apa kakak? https://t.co/4cWCrvJSvZ"""
4.612825825062559,"""Police unit removes foreign criminals http://t.co/yV2mPH1GvE"""
0.0,"""RT @qs_aw: Ù„Ø§ ÙŠÙƒØªÙ…Ù„ Ø¬Ù…Ø§Ù„ Ø­Ø³Ø§Ø¨ÙŠ ..  Ø§Ù„Ø§ Ø¨Ù…ØªØ§Ø¨Ø¹ØªÙƒÙ… .. Ù Ù‡Ù†ÙŠØ¦Ø§Ù‹ Ù„ÙŠ Ø¨ÙƒÙ… . http://t.co/iEcuORvnNe"""
0.0,"""é¡•ç¾ã—ãŸæ™‚ã‹ã‚‰è¢«ã£ã¦ã‚‹ã‹ã‚‰å¤šåˆ†å°‚ç”¨ã®å¸ƒã ã¨ã¯æ€ã£ã¦ã‚‹"""
0.0,"""@so_a_oh í—‰ ì €ì•¼ë§ë¡œ ì˜¬ë¼ì˜¤ëŠ” íŠ¸ìœ—ì¤‘ì— ë¶ˆí¸í•œê²Œ ìˆìœ¼ì‹œë‹¤ë©´ ì–¸ì œë“  í¸í•˜ê²Œ ë¸”ì–¸ë¸”í•´ì£¼ì„¸ìš”8//8! ê·¸ë¦¬ê³  ã…ˆ..ì¡°ê¸ˆ ë³´ì´ì§€ë§Œã… ã…œã…  ìœ ë¦¬ ì½”ìŠ¤.. ë„ˆë¬´ ë¨¸ì‹œì¨ìš”..ã… ã…œã…  ì˜ë¶€íƒë“œë ¤ìš”!!!"""
5.3417372939283965,"""RT @poojainsa786: Kidney Donation ğŸ‘‰ Guru ji motivates people to donate kidney to needy people undr a fully lawful progress #MSGDoing111Welfâ€¦"""
0.0,"""Jangan Berikan Alasan ini Saat Memutuskan Pacar http://t.co/c4bUY33jJZ http://t.co/v5wuj8K3x7"""
2.06187963303372,"""ã‚¨ã‚³ãƒ‘ã€åˆã‚ã¦ã‚¹ã‚¿ã‚¸ã‚¢ãƒ å‘¨è¾ºãŠæ•£æ­©ã€‚ç”°èˆã«ã‚ã‚‹å›½ç«‹ç«¶æŠ€å ´ã£ã¦æ„Ÿã˜ã€‚ã“ã®è‡ªç„¶ã«å›²ã¾ã‚ŒãŸç’°å¢ƒã¯éƒ½ä¼šã§ã¯å‘³ã‚ãˆãªã„ç‰¹åˆ¥ãªé–‹æ”¾æ„ŸãŒã‚ã‚‹ï¼ã‚ªãƒ¼ãƒ—ãƒ‹ãƒ³ã‚°æ˜ åƒã‚‚ã“ã“ã§æ’®ã‚‹ã®ã‹ãªã€‚åºƒã„æ–½è¨­ãŒã„ã£ã±ã„ã‚ã‚‹ã—ã­ï¼ #toujin2015 #momoclo http://t.co/j03PSMmwT7"""
0.0,"""Buen dÃ­a. Instituciones  del gobierno que abandonan a la gente: MisiÃ³n Negra HipÃ³crita.Hospital Bellard Guatire http://t.co/RQ9Lotg2SC"""
0.0,"""@318_takuto ã°ã‹ã‚„ã‚ã†ç¬‘ç¬‘"""
0.0,"""RT @Viccent22: Sesabar-sabarnya orang sabar, pasti pernah mencapai titik jenuh pada akhirnya jika kesabaran itu slalu di sia-siakan. :)"""

